id,case,method,seed,metric,threshold_pct,reached,budget,actual_accepted_steps,stop_reason,final_error_pct,accepted_step,state_wall_lower_s,state_wall_upper_s,observation_available_wall_s,optimization_lower_s,optimization_upper_s
C3_xpinn_s43,C3,xpinn,43,u_vector_pct,5.0,True,2000,2000,max_iter,4.185178083093222,1450,74.5444004000019,77.17971150000085,77.60479789999954,61.918542999868805,64.12668739991932
C3_xpinn_s43,C3,xpinn,43,u_vector_pct,2.0,False,2000,2000,max_iter,4.185178083093222,,,,,,
C3_xpinn_s43,C3,xpinn,43,u_vector_pct,1.0,False,2000,2000,max_iter,4.185178083093222,,,,,,
C3_xpinn_s43,C3,xpinn,43,s_vector_pct,5.0,False,2000,2000,max_iter,21.18691339619269,,,,,,
C3_xpinn_s43,C3,xpinn,43,s_vector_pct,2.0,False,2000,2000,max_iter,21.18691339619269,,,,,,
C3_xpinn_s43,C3,xpinn,43,s_vector_pct,1.0,False,2000,2000,max_iter,21.18691339619269,,,,,,
C8_dem_s47,C8,dem,47,u_vector_pct,5.0,True,1000,1000,max_iter,0.8134475587201787,200,5.426582999993116,7.047965499994461,7.6438947999995435,3.0423463999468368,4.086844399986148
C8_dem_s47,C8,dem,47,u_vector_pct,2.0,True,1000,1000,max_iter,0.8134475587201787,300,8.670580399993923,10.304128899995703,10.900280699999712,5.112316999999166,6.1655533999582985
C8_dem_s47,C8,dem,47,u_vector_pct,1.0,True,1000,1000,max_iter,0.8134475587201787,450,13.583135399996536,15.242874599993229,15.833016499993391,8.257651599946257,9.319302399955632
C8_dem_s47,C8,dem,47,s_vector_pct,5.0,False,1000,1000,max_iter,6.625649457794368,,,,,,
C8_dem_s47,C8,dem,47,s_vector_pct,2.0,False,1000,1000,max_iter,6.625649457794368,,,,,,
C8_dem_s47,C8,dem,47,s_vector_pct,1.0,False,1000,1000,max_iter,6.625649457794368,,,,,,
C8_xpinn_s46,C8,xpinn,46,u_vector_pct,5.0,True,2000,2000,max_iter,4.9032578547419305,1450,74.64406849999796,77.25557539999863,77.68445499999507,61.85050830023829,64.03653900028439
C8_xpinn_s46,C8,xpinn,46,u_vector_pct,2.0,False,2000,2000,max_iter,4.9032578547419305,,,,,,
C8_xpinn_s46,C8,xpinn,46,u_vector_pct,1.0,False,2000,2000,max_iter,4.9032578547419305,,,,,,
C8_xpinn_s46,C8,xpinn,46,s_vector_pct,5.0,False,2000,2000,max_iter,19.754568950617582,,,,,,
C8_xpinn_s46,C8,xpinn,46,s_vector_pct,2.0,False,2000,2000,max_iter,19.754568950617582,,,,,,
C8_xpinn_s46,C8,xpinn,46,s_vector_pct,1.0,False,2000,2000,max_iter,19.754568950617582,,,,,,
C8_independent_marginal_s46,C8,independent_marginal,46,u_vector_pct,5.0,True,2000,2000,max_iter,0.10943924451838567,200,4.946189299997059,6.5852019999947515,6.909215499996208,3.600545500004955,4.907683800018276
C8_independent_marginal_s46,C8,independent_marginal,46,u_vector_pct,2.0,True,2000,2000,max_iter,0.10943924451838567,300,8.214452000000165,9.775717599994096,10.097842299997865,6.211711800038756,7.451053200056776
C8_independent_marginal_s46,C8,independent_marginal,46,u_vector_pct,1.0,True,2000,2000,max_iter,0.10943924451838567,600,17.727925799998047,19.34772030000022,19.666576199997508,13.771588300078292,15.067389200085017
C8_independent_marginal_s46,C8,independent_marginal,46,s_vector_pct,5.0,True,2000,2000,max_iter,0.7024059078303428,400,11.347134699994058,12.911149799998384,13.231543299996702,8.699126500054263,9.92995740006154
C8_independent_marginal_s46,C8,independent_marginal,46,s_vector_pct,2.0,True,2000,2000,max_iter,0.7024059078303428,750,22.635971399999107,24.23857339999813,24.567141999999876,17.708568700072647,18.988028200088593
C8_independent_marginal_s46,C8,independent_marginal,46,s_vector_pct,1.0,True,2000,2000,max_iter,0.7024059078303428,1450,45.30054879999807,46.91686159999517,47.24070329999813,35.797050300141564,37.08121680012118
C3_dem_s41,C3,dem,41,u_vector_pct,5.0,True,1000,1000,max_iter,0.7463032297166847,200,5.36102860000392,7.089422999997623,7.6931622000047355,2.9956811999509227,4.114606799943431
C3_dem_s41,C3,dem,41,u_vector_pct,2.0,True,1000,1000,max_iter,0.7463032297166847,300,8.792003499998827,10.766250100001344,11.38583379999909,5.211069099932502,6.402924099929805
C3_dem_s41,C3,dem,41,u_vector_pct,1.0,True,1000,1000,max_iter,0.7463032297166847,300,8.792003499998827,10.766250100001344,11.38583379999909,5.211069099932502,6.402924099929805
C3_dem_s41,C3,dem,41,s_vector_pct,5.0,False,1000,1000,max_iter,7.486030342952908,,,,,,
C3_dem_s41,C3,dem,41,s_vector_pct,2.0,False,1000,1000,max_iter,7.486030342952908,,,,,,
C3_dem_s41,C3,dem,41,s_vector_pct,1.0,False,1000,1000,max_iter,7.486030342952908,,,,,,
C8_xpinn_s43,C8,xpinn,43,u_vector_pct,5.0,True,2000,2000,max_iter,4.365596063638279,1550,78.89447010000004,81.48928560000058,81.91721149999648,65.5252577000283,67.69499650003854
C8_xpinn_s43,C8,xpinn,43,u_vector_pct,2.0,False,2000,2000,max_iter,4.365596063638279,,,,,,
C8_xpinn_s43,C8,xpinn,43,u_vector_pct,1.0,False,2000,2000,max_iter,4.365596063638279,,,,,,
C8_xpinn_s43,C8,xpinn,43,s_vector_pct,5.0,False,2000,2000,max_iter,19.89649338502578,,,,,,
C8_xpinn_s43,C8,xpinn,43,s_vector_pct,2.0,False,2000,2000,max_iter,19.89649338502578,,,,,,
C8_xpinn_s43,C8,xpinn,43,s_vector_pct,1.0,False,2000,2000,max_iter,19.89649338502578,,,,,,
C5_vanilla_s43,C5,vanilla,43,u_vector_pct,5.0,True,2000,2000,max_iter,1.7387881575310518,900,25.10303869999916,26.638526900002034,26.925120200001402,19.850817399958032,21.09654469992529
C5_vanilla_s43,C5,vanilla,43,u_vector_pct,2.0,True,2000,2000,max_iter,1.7387881575310518,1600,45.97688950000156,47.4760049999968,47.75708999999915,36.718703399805236,37.93397549981455
C5_vanilla_s43,C5,vanilla,43,u_vector_pct,1.0,False,2000,2000,max_iter,1.7387881575310518,,,,,,
C5_vanilla_s43,C5,vanilla,43,s_vector_pct,5.0,False,2000,2000,max_iter,6.106176216988437,,,,,,
C5_vanilla_s43,C5,vanilla,43,s_vector_pct,2.0,False,2000,2000,max_iter,6.106176216988437,,,,,,
C5_vanilla_s43,C5,vanilla,43,s_vector_pct,1.0,False,2000,2000,max_iter,6.106176216988437,,,,,,
C1_independent_marginal_s44,C1,independent_marginal,44,u_vector_pct,5.0,True,2000,2000,max_iter,0.2861784924524532,150,3.3326492000051076,4.920965199999046,5.243427699999302,2.310692899998685,3.5592217999583227
C1_independent_marginal_s44,C1,independent_marginal,44,u_vector_pct,2.0,True,2000,2000,max_iter,0.2861784924524532,350,9.829055499998503,11.460240899999917,11.801156000001356,7.494624999933876,8.795231799937028
C1_independent_marginal_s44,C1,independent_marginal,44,u_vector_pct,1.0,True,2000,2000,max_iter,0.2861784924524532,550,16.301735799999733,17.947296500002267,18.27219250000053,12.635020399960922,13.949832099955529
C1_independent_marginal_s44,C1,independent_marginal,44,s_vector_pct,5.0,True,2000,2000,max_iter,2.742730137302462,1050,32.912301299998944,34.63379510000232,34.96788309999829,25.971581200006767,27.349371600001177
C1_independent_marginal_s44,C1,independent_marginal,44,s_vector_pct,2.0,False,2000,2000,max_iter,2.742730137302462,,,,,,
C1_independent_marginal_s44,C1,independent_marginal,44,s_vector_pct,1.0,False,2000,2000,max_iter,2.742730137302462,,,,,,
C5_vanilla_s44,C5,vanilla,44,u_vector_pct,5.0,True,2000,2000,max_iter,1.4437154580474487,950,25.95339740000054,27.356401899996854,27.644044799999392,20.494671800042852,21.611161700093362
C5_vanilla_s44,C5,vanilla,44,u_vector_pct,2.0,True,2000,2000,max_iter,1.4437154580474487,1600,44.71659019999788,46.192207599997346,46.476297099994554,35.52131050017488,36.71009440017224
C5_vanilla_s44,C5,vanilla,44,u_vector_pct,1.0,False,2000,2000,max_iter,1.4437154580474487,,,,,,
C5_vanilla_s44,C5,vanilla,44,s_vector_pct,5.0,False,2000,2000,max_iter,6.24752215715199,,,,,,
C5_vanilla_s44,C5,vanilla,44,s_vector_pct,2.0,False,2000,2000,max_iter,6.24752215715199,,,,,,
C5_vanilla_s44,C5,vanilla,44,s_vector_pct,1.0,False,2000,2000,max_iter,6.24752215715199,,,,,,
C6_anchored_s44,C6,anchored,44,u_vector_pct,5.0,True,2000,2000,max_iter,0.42293634615074216,250,6.461964300004183,8.09888779999892,8.422105600002396,4.80860220008617,6.1186078000828275
C6_anchored_s44,C6,anchored,44,u_vector_pct,2.0,True,2000,2000,max_iter,0.42293634615074216,700,20.97361280000041,22.620054800005164,22.944909400001052,16.397680900110572,17.71832830011408
C6_anchored_s44,C6,anchored,44,u_vector_pct,1.0,True,2000,2000,max_iter,0.42293634615074216,950,29.298721500003012,30.89815240000462,31.22138730000006,23.092403900125646,24.36237440012337
C6_anchored_s44,C6,anchored,44,s_vector_pct,5.0,True,2000,2000,max_iter,1.980909601761728,650,19.343621700005315,20.97361280000041,21.298897400003625,15.093883700130391,16.397680900110572
C6_anchored_s44,C6,anchored,44,s_vector_pct,2.0,True,2000,2000,max_iter,1.980909601761728,2000,63.32097470000008,64.94657440000447,65.2718320999993,50.26867960004893,51.57207440001366
C6_anchored_s44,C6,anchored,44,s_vector_pct,1.0,False,2000,2000,max_iter,1.980909601761728,,,,,,
C7_anchored_s45,C7,anchored,45,u_vector_pct,5.0,True,2000,2000,max_iter,0.4119924008431881,500,14.455971000003046,16.042739000004076,16.36500000000524,11.203760599979432,12.467941199967754
C7_anchored_s45,C7,anchored,45,u_vector_pct,2.0,True,2000,2000,max_iter,0.4119924008431881,850,25.841408699998283,27.47714100000303,27.79525200000353,20.31946149995929,21.63529999995808
C7_anchored_s45,C7,anchored,45,u_vector_pct,1.0,True,2000,2000,max_iter,0.4119924008431881,1150,35.560184499998286,37.11943180000526,37.44751820000238,28.116332199962926,29.35003939998569
C7_anchored_s45,C7,anchored,45,s_vector_pct,5.0,True,2000,2000,max_iter,3.887055923755189,1450,45.20067350000318,46.83669760000339,47.15692800000397,35.803480200018384,37.114815800014185
C7_anchored_s45,C7,anchored,45,s_vector_pct,2.0,False,2000,2000,max_iter,3.887055923755189,,,,,,
C7_anchored_s45,C7,anchored,45,s_vector_pct,1.0,False,2000,2000,max_iter,3.887055923755189,,,,,,
C1_dem_s46,C1,dem,46,u_vector_pct,5.0,True,1000,1000,max_iter,114.88491481168691,200,5.46564500000386,7.153012300004775,7.731375499999558,3.0629863000576734,4.141485600033775
C1_dem_s46,C1,dem,46,u_vector_pct,2.0,True,1000,1000,max_iter,114.88491481168691,250,7.153012300004775,8.797284400003264,9.383318100000906,4.141485600033775,5.20608750001702
C1_dem_s46,C1,dem,46,u_vector_pct,1.0,True,1000,1000,max_iter,114.88491481168691,600,18.938162700003886,20.615568900000653,21.21312150000449,11.75576920009189,12.842424600072263
C1_dem_s46,C1,dem,46,s_vector_pct,5.0,False,1000,1000,max_iter,1573.872116844451,,,,,,
C1_dem_s46,C1,dem,46,s_vector_pct,2.0,False,1000,1000,max_iter,1573.872116844451,,,,,,
C1_dem_s46,C1,dem,46,s_vector_pct,1.0,False,1000,1000,max_iter,1573.872116844451,,,,,,
C2_dem_s43,C2,dem,43,u_vector_pct,5.0,True,1000,1000,max_iter,0.7393091105993943,250,7.077824599997257,8.779665399997612,9.361477899998135,4.107199100006255,5.21685989999969
C2_dem_s43,C2,dem,43,u_vector_pct,2.0,True,1000,1000,max_iter,0.7393091105993943,300,8.779665399997612,10.410347299999557,10.990169799995783,5.21685989999969,6.265365399987786
C2_dem_s43,C2,dem,43,u_vector_pct,1.0,True,1000,1000,max_iter,0.7393091105993943,450,13.703421099999105,15.352379899995867,15.938278899993747,8.38918289999856,9.454860799974995
C2_dem_s43,C2,dem,43,s_vector_pct,5.0,False,1000,1000,max_iter,7.987651417727552,,,,,,
C2_dem_s43,C2,dem,43,s_vector_pct,2.0,False,1000,1000,max_iter,7.987651417727552,,,,,,
C2_dem_s43,C2,dem,43,s_vector_pct,1.0,False,1000,1000,max_iter,7.987651417727552,,,,,,
C6_anchored_s42,C6,anchored,42,u_vector_pct,5.0,True,2000,2000,max_iter,0.44238161593217806,250,6.484756999998353,8.102432699997735,8.425860299998021,4.810047700084397,6.099084000110452
C6_anchored_s42,C6,anchored,42,u_vector_pct,2.0,True,2000,2000,max_iter,0.44238161593217806,700,20.94353439999395,22.480624699994223,22.80465419999382,16.343451800108596,17.555200800132297
C6_anchored_s42,C6,anchored,42,u_vector_pct,1.0,True,2000,2000,max_iter,0.44238161593217806,900,27.292354099998192,28.91783729999588,29.24677449999581,21.388945500104455,22.687528500071494
C6_anchored_s42,C6,anchored,42,s_vector_pct,5.0,True,2000,2000,max_iter,2.2845976241436876,800,24.061360599996988,25.68097869999474,26.004177399998298,18.810672000101476,20.10197090010479
C6_anchored_s42,C6,anchored,42,s_vector_pct,2.0,False,2000,2000,max_iter,2.2845976241436876,,,,,,
C6_anchored_s42,C6,anchored,42,s_vector_pct,1.0,False,2000,2000,max_iter,2.2845976241436876,,,,,,
T1_anchored_s47,T1,anchored,47,u_vector_pct,5.0,True,10000,10000,max_iter,0.35008089962734124,550,27.767247800002224,30.415207099998952,31.26218510000035,18.056020799820544,19.814194199818303
T1_anchored_s47,T1,anchored,47,u_vector_pct,2.0,True,10000,10000,max_iter,0.35008089962734124,1500,79.25596249999944,82.14642800000729,83.04619150000508,52.99196880025556,54.9684258003108
T1_anchored_s47,T1,anchored,47,u_vector_pct,1.0,True,10000,10000,max_iter,0.35008089962734124,2800,149.53846090000297,152.11336269999447,152.9821438999934,100.7285575002461,102.44030700025905
T1_anchored_s47,T1,anchored,47,s_vector_pct,5.0,True,10000,10000,max_iter,1.6136701234305828,1150,60.278608599997824,62.86652209999738,63.69008590000158,40.13506930018775,41.87349870019534
T1_anchored_s47,T1,anchored,47,s_vector_pct,2.0,True,10000,10000,max_iter,1.6136701234305828,5600,308.10342050000327,310.89523239999835,311.71182620000036,208.98389410036907,210.74891520036908
T1_anchored_s47,T1,anchored,47,s_vector_pct,1.0,False,10000,10000,max_iter,1.6136701234305828,,,,,,
C1_fourier_double_s47,C1,fourier_double,47,u_vector_pct,5.0,False,2000,2000,max_iter,65.8057776784969,,,,,,
C1_fourier_double_s47,C1,fourier_double,47,u_vector_pct,2.0,False,2000,2000,max_iter,65.8057776784969,,,,,,
C1_fourier_double_s47,C1,fourier_double,47,u_vector_pct,1.0,False,2000,2000,max_iter,65.8057776784969,,,,,,
C1_fourier_double_s47,C1,fourier_double,47,s_vector_pct,5.0,False,2000,2000,max_iter,56.13430368654028,,,,,,
C1_fourier_double_s47,C1,fourier_double,47,s_vector_pct,2.0,False,2000,2000,max_iter,56.13430368654028,,,,,,
C1_fourier_double_s47,C1,fourier_double,47,s_vector_pct,1.0,False,2000,2000,max_iter,56.13430368654028,,,,,,
C8_vanilla_matched_s42,C8,vanilla_matched,42,u_vector_pct,5.0,True,2000,2000,max_iter,0.7536365188809241,650,17.62881610000477,19.124495800002478,19.41654859999835,13.777684500011674,14.980356100008066
C8_vanilla_matched_s42,C8,vanilla_matched,42,u_vector_pct,2.0,True,2000,2000,max_iter,0.7536365188809241,1100,30.651698400004534,32.10051870000461,32.39350569999806,24.165252599996165,25.32556069997372
C8_vanilla_matched_s42,C8,vanilla_matched,42,u_vector_pct,1.0,True,2000,2000,max_iter,0.7536365188809241,1700,48.38166930000443,49.838134500001615,50.131330800002615,38.38667689997237,39.5506164999897
C8_vanilla_matched_s42,C8,vanilla_matched,42,s_vector_pct,5.0,False,2000,2000,max_iter,5.256545662611704,,,,,,
C8_vanilla_matched_s42,C8,vanilla_matched,42,s_vector_pct,2.0,False,2000,2000,max_iter,5.256545662611704,,,,,,
C8_vanilla_matched_s42,C8,vanilla_matched,42,s_vector_pct,1.0,False,2000,2000,max_iter,5.256545662611704,,,,,,
C5_anchored_s43,C5,anchored,43,u_vector_pct,5.0,True,2000,2000,max_iter,0.14782284751458807,150,3.351463099999819,4.939864800006035,5.269562699999369,2.3507625000129337,3.6094490000396036
C5_anchored_s43,C5,anchored,43,u_vector_pct,2.0,True,2000,2000,max_iter,0.14782284751458807,350,9.831332400004612,11.472919100000581,11.791879600001266,7.508623000016087,8.826377100034733
C5_anchored_s43,C5,anchored,43,u_vector_pct,1.0,True,2000,2000,max_iter,0.14782284751458807,400,11.472919100000581,13.085353000002215,13.407957499999611,8.826377100034733,10.119465700016008
C5_anchored_s43,C5,anchored,43,s_vector_pct,5.0,True,2000,2000,max_iter,0.9876887290488761,450,13.085353000002215,14.710362800004077,15.033335500003886,10.119465700016008,11.4205969000177
C5_anchored_s43,C5,anchored,43,s_vector_pct,2.0,True,2000,2000,max_iter,0.9876887290488761,1000,30.942047500000626,32.520828400003666,32.840893000000506,24.393108700089215,25.64642290007032
C5_anchored_s43,C5,anchored,43,s_vector_pct,1.0,True,2000,2000,max_iter,0.9876887290488761,2000,62.551533600002585,64.1597824000055,64.48591450000094,49.47778509993077,50.74731559994689
C5_dem_s41,C5,dem,41,u_vector_pct,5.0,True,1000,1000,max_iter,1.1804677901379914,200,5.350758599997789,7.028402099997038,7.623106999999436,3.035056100015936,4.096111500010011
C5_dem_s41,C5,dem,41,u_vector_pct,2.0,True,1000,1000,max_iter,1.1804677901379914,300,8.673792399997183,10.324159999996482,10.904257700000016,5.145640300004743,6.194803500031412
C5_dem_s41,C5,dem,41,u_vector_pct,1.0,True,1000,1000,max_iter,1.1804677901379914,650,20.395110699995712,22.06802769999922,22.65703869999561,12.732433299999684,13.79726450000453
C5_dem_s41,C5,dem,41,s_vector_pct,5.0,False,1000,1000,max_iter,6.516421091672167,,,,,,
C5_dem_s41,C5,dem,41,s_vector_pct,2.0,False,1000,1000,max_iter,6.516421091672167,,,,,,
C5_dem_s41,C5,dem,41,s_vector_pct,1.0,False,1000,1000,max_iter,6.516421091672167,,,,,,
C1_dem_s42,C1,dem,42,u_vector_pct,5.0,True,1000,1000,max_iter,513.3520556289357,200,5.4150836000044364,7.075463400004082,7.656136700003117,2.9828937999991467,4.045825300017896
C1_dem_s42,C1,dem,42,u_vector_pct,2.0,True,1000,1000,max_iter,513.3520556289357,250,7.075463400004082,8.711739400001534,9.34634200000437,4.045825300017896,5.100218700041296
C1_dem_s42,C1,dem,42,u_vector_pct,1.0,True,1000,1000,max_iter,513.3520556289357,450,13.71616420000646,15.344104100004188,15.928294900004403,8.302411500066228,9.336325100055546
C1_dem_s42,C1,dem,42,s_vector_pct,5.0,False,1000,1000,max_iter,18176.160736895177,,,,,,
C1_dem_s42,C1,dem,42,s_vector_pct,2.0,False,1000,1000,max_iter,18176.160736895177,,,,,,
C1_dem_s42,C1,dem,42,s_vector_pct,1.0,False,1000,1000,max_iter,18176.160736895177,,,,,,
C8_vanilla_s42,C8,vanilla,42,u_vector_pct,5.0,True,2000,2000,max_iter,1.0315042586693108,750,20.67589730000327,22.14537559999735,22.435529100002896,16.306411199992,17.48791739999433
C8_vanilla_s42,C8,vanilla,42,u_vector_pct,2.0,True,2000,2000,max_iter,1.0315042586693108,1100,31.060338800001773,32.53668330000073,32.822036300000036,24.658642500056885,25.847365100118623
C8_vanilla_s42,C8,vanilla,42,u_vector_pct,1.0,True,2000,2000,max_iter,1.0315042586693108,1850,53.3047344000006,54.809935099998256,55.097860100002436,42.5569072002545,43.768433100260154
C8_vanilla_s42,C8,vanilla,42,s_vector_pct,5.0,False,2000,2000,max_iter,5.57450779959251,,,,,,
C8_vanilla_s42,C8,vanilla,42,s_vector_pct,2.0,False,2000,2000,max_iter,5.57450779959251,,,,,,
C8_vanilla_s42,C8,vanilla,42,s_vector_pct,1.0,False,2000,2000,max_iter,5.57450779959251,,,,,,
C4_anchored_s44,C4,anchored,44,u_vector_pct,5.0,True,2000,2000,max_iter,0.0754995150158024,150,3.2721186999988277,4.830447899999854,5.150589700002456,2.2652095000521513,3.4999733000149718
C4_anchored_s44,C4,anchored,44,u_vector_pct,2.0,True,2000,2000,max_iter,0.0754995150158024,300,8.104328599998553,9.686827899997297,10.009571700000379,6.116332900019188,7.381434500028263
C4_anchored_s44,C4,anchored,44,u_vector_pct,1.0,True,2000,2000,max_iter,0.0754995150158024,400,11.297478400003456,12.904410399998596,13.227525100002822,8.668093600041175,9.950762100015709
C4_anchored_s44,C4,anchored,44,s_vector_pct,5.0,True,2000,2000,max_iter,0.6956095997514264,400,11.297478400003456,12.904410399998596,13.227525100002822,8.668093600041175,9.950762100015709
C4_anchored_s44,C4,anchored,44,s_vector_pct,2.0,True,2000,2000,max_iter,0.6956095997514264,800,24.148481099997298,25.763123999997333,26.09962259999884,18.922670599989942,20.217170899981284
C4_anchored_s44,C4,anchored,44,s_vector_pct,1.0,True,2000,2000,max_iter,0.6956095997514264,1500,47.587681600001815,49.385267400000885,49.70223899999837,37.76002710004104,39.236794500066026
C4_dem_s41,C4,dem,41,u_vector_pct,5.0,True,1000,1000,max_iter,0.8047603647575485,200,5.434313199999451,7.128361100003531,7.723120700000436,3.0383555999796954,4.143635599983099
C4_dem_s41,C4,dem,41,u_vector_pct,2.0,True,1000,1000,max_iter,0.8047603647575485,250,7.128361100003531,8.79586250000284,9.387750200003211,4.143635599983099,5.215246500003559
C4_dem_s41,C4,dem,41,u_vector_pct,1.0,True,1000,1000,max_iter,0.8047603647575485,400,12.13668719999987,13.777441700003692,14.371869399998104,7.385928699979559,8.452911699954711
C4_dem_s41,C4,dem,41,s_vector_pct,5.0,False,1000,1000,max_iter,6.4069772591903025,,,,,,
C4_dem_s41,C4,dem,41,s_vector_pct,2.0,False,1000,1000,max_iter,6.4069772591903025,,,,,,
C4_dem_s41,C4,dem,41,s_vector_pct,1.0,False,1000,1000,max_iter,6.4069772591903025,,,,,,
C1_vanilla_matched_s48,C1,vanilla_matched,48,u_vector_pct,5.0,True,2000,2000,max_iter,0.7551315733339268,650,17.88201239999762,19.376727399998344,19.672637000003306,14.004031799988297,15.204288699991594
C1_vanilla_matched_s48,C1,vanilla_matched,48,u_vector_pct,2.0,True,2000,2000,max_iter,0.7551315733339268,1150,32.87646120000136,34.36049070000445,34.65829269999813,26.030940600008762,27.2182429000095
C1_vanilla_matched_s48,C1,vanilla_matched,48,u_vector_pct,1.0,True,2000,2000,max_iter,0.7551315733339268,1700,49.34314070000255,50.818090000000666,51.11273390000133,39.21654810002656,40.39582640001754
C1_vanilla_matched_s48,C1,vanilla_matched,48,s_vector_pct,5.0,False,2000,2000,max_iter,10.002411028423113,,,,,,
C1_vanilla_matched_s48,C1,vanilla_matched,48,s_vector_pct,2.0,False,2000,2000,max_iter,10.002411028423113,,,,,,
C1_vanilla_matched_s48,C1,vanilla_matched,48,s_vector_pct,1.0,False,2000,2000,max_iter,10.002411028423113,,,,,,
C1_independent_gaussian_s46,C1,independent_gaussian,46,u_vector_pct,5.0,True,2000,2000,max_iter,0.22811359448749904,200,4.874750099996163,6.458738899993477,6.781638599997677,3.5312014999290113,4.788757199887186
C1_independent_gaussian_s46,C1,independent_gaussian,46,u_vector_pct,2.0,True,2000,2000,max_iter,0.22811359448749904,450,13.021582399996987,14.600584899999376,14.923779400000058,10.057313099874591,11.308162699897366
C1_independent_gaussian_s46,C1,independent_gaussian,46,u_vector_pct,1.0,True,2000,2000,max_iter,0.22811359448749904,650,19.431954699997732,21.022720999993908,21.34999969999626,15.151523599910433,16.414067699945008
C1_independent_gaussian_s46,C1,independent_gaussian,46,s_vector_pct,5.0,True,2000,2000,max_iter,3.434198137390684,1250,38.72052129999793,40.344844499995816,40.670811299998604,30.523889499963843,31.82307499995659
C1_independent_gaussian_s46,C1,independent_gaussian,46,s_vector_pct,2.0,False,2000,2000,max_iter,3.434198137390684,,,,,,
C1_independent_gaussian_s46,C1,independent_gaussian,46,s_vector_pct,1.0,False,2000,2000,max_iter,3.434198137390684,,,,,,
C4_dem_s44,C4,dem,44,u_vector_pct,5.0,True,1000,1000,max_iter,1.0703250364156935,200,5.340239400000428,6.980713999997533,7.563991900002293,2.968854900034785,4.02642600001127
C4_dem_s44,C4,dem,44,u_vector_pct,2.0,True,1000,1000,max_iter,1.0703250364156935,250,6.980713999997533,8.698515600000974,9.287796799995704,4.02642600001127,5.159700400021393
C4_dem_s44,C4,dem,44,u_vector_pct,1.0,True,1000,1000,max_iter,1.0703250364156935,300,8.698515600000974,10.344957900000736,10.917686100001447,5.159700400021393,6.216483699987293
C4_dem_s44,C4,dem,44,s_vector_pct,5.0,False,1000,1000,max_iter,10.145510185231705,,,,,,
C4_dem_s44,C4,dem,44,s_vector_pct,2.0,False,1000,1000,max_iter,10.145510185231705,,,,,,
C4_dem_s44,C4,dem,44,s_vector_pct,1.0,False,1000,1000,max_iter,10.145510185231705,,,,,,
C2_xpinn_s43,C2,xpinn,43,u_vector_pct,5.0,True,2000,2000,max_iter,3.9345925857851327,1350,67.83738820000144,70.51966579999862,70.94590759999846,56.250280399937765,58.507899799944425
C2_xpinn_s43,C2,xpinn,43,u_vector_pct,2.0,False,2000,2000,max_iter,3.9345925857851327,,,,,,
C2_xpinn_s43,C2,xpinn,43,u_vector_pct,1.0,False,2000,2000,max_iter,3.9345925857851327,,,,,,
C2_xpinn_s43,C2,xpinn,43,s_vector_pct,5.0,False,2000,2000,max_iter,21.440837817783727,,,,,,
C2_xpinn_s43,C2,xpinn,43,s_vector_pct,2.0,False,2000,2000,max_iter,21.440837817783727,,,,,,
C2_xpinn_s43,C2,xpinn,43,s_vector_pct,1.0,False,2000,2000,max_iter,21.440837817783727,,,,,,
C1_anchored_s47,C1,anchored,47,u_vector_pct,5.0,True,2000,2000,max_iter,0.29442633619372893,150,3.2370289000027697,4.8058070999977645,5.132005300001765,2.22489940001833,3.461265199999616
C1_anchored_s47,C1,anchored,47,u_vector_pct,2.0,True,2000,2000,max_iter,0.29442633619372893,400,11.219929600003525,12.805593500001123,13.12881170000037,8.548925300012343,9.801776600026642
C1_anchored_s47,C1,anchored,47,u_vector_pct,1.0,True,2000,2000,max_iter,0.29442633619372893,650,19.239011900004698,20.888816999999108,21.214727500002482,14.923985399997036,16.238278099990566
C1_anchored_s47,C1,anchored,47,s_vector_pct,5.0,True,2000,2000,max_iter,3.2400786961298773,1150,35.211953700003505,36.86299719999806,37.20253030000458,27.65056890010601,28.973530400107848
C1_anchored_s47,C1,anchored,47,s_vector_pct,2.0,False,2000,2000,max_iter,3.2400786961298773,,,,,,
C1_anchored_s47,C1,anchored,47,s_vector_pct,1.0,False,2000,2000,max_iter,3.2400786961298773,,,,,,
C1_xpinn_s45,C1,xpinn,45,u_vector_pct,5.0,True,2000,2000,max_iter,3.408882185360068,1250,63.55303400000412,66.1503903000048,66.57594820000668,52.74327140011155,54.90857100011635
C1_xpinn_s45,C1,xpinn,45,u_vector_pct,2.0,False,2000,2000,max_iter,3.408882185360068,,,,,,
C1_xpinn_s45,C1,xpinn,45,u_vector_pct,1.0,False,2000,2000,max_iter,3.408882185360068,,,,,,
C1_xpinn_s45,C1,xpinn,45,s_vector_pct,5.0,False,2000,2000,max_iter,27.711465216346653,,,,,,
C1_xpinn_s45,C1,xpinn,45,s_vector_pct,2.0,False,2000,2000,max_iter,27.711465216346653,,,,,,
C1_xpinn_s45,C1,xpinn,45,s_vector_pct,1.0,False,2000,2000,max_iter,27.711465216346653,,,,,,
C1_fourier_half_s48,C1,fourier_half,48,u_vector_pct,5.0,True,2000,2000,max_iter,0.32973963604364637,100,1.8135545999975875,3.4832912999991095,3.812598099997558,1.1390705999729107,2.450222999948892
C1_fourier_half_s48,C1,fourier_half,48,u_vector_pct,2.0,True,2000,2000,max_iter,0.32973963604364637,200,5.153665799996816,6.807349599999725,7.132204100002127,3.7842219999438385,5.1113272999209585
C1_fourier_half_s48,C1,fourier_half,48,u_vector_pct,1.0,True,2000,2000,max_iter,0.32973963604364637,300,8.628702000001795,10.328863499998988,10.653940299998794,6.606544799935364,7.977122399955988
C1_fourier_half_s48,C1,fourier_half,48,s_vector_pct,5.0,True,2000,2000,max_iter,2.487979757768259,750,23.60006599999906,25.278353800000332,25.60675149999588,18.623171500054013,19.975185200084525
C1_fourier_half_s48,C1,fourier_half,48,s_vector_pct,2.0,False,2000,2000,max_iter,2.487979757768259,,,,,,
C1_fourier_half_s48,C1,fourier_half,48,s_vector_pct,1.0,False,2000,2000,max_iter,2.487979757768259,,,,,,
C3_xpinn_s42,C3,xpinn,42,u_vector_pct,5.0,True,2000,2000,max_iter,5.983752260549651,1700,87.02262239999982,89.66086910000013,90.08891739999672,72.34209099992586,74.55625689990848
C3_xpinn_s42,C3,xpinn,42,u_vector_pct,2.0,False,2000,2000,max_iter,5.983752260549651,,,,,,
C3_xpinn_s42,C3,xpinn,42,u_vector_pct,1.0,False,2000,2000,max_iter,5.983752260549651,,,,,,
C3_xpinn_s42,C3,xpinn,42,s_vector_pct,5.0,False,2000,2000,max_iter,21.392820290139447,,,,,,
C3_xpinn_s42,C3,xpinn,42,s_vector_pct,2.0,False,2000,2000,max_iter,21.392820290139447,,,,,,
C3_xpinn_s42,C3,xpinn,42,s_vector_pct,1.0,False,2000,2000,max_iter,21.392820290139447,,,,,,
C4_anchored_s42,C4,anchored,42,u_vector_pct,5.0,True,2000,2000,max_iter,0.12577767556021818,150,3.235615699995833,4.826828699995531,5.145596399997885,2.2460332000700873,3.516461200051708
C4_anchored_s42,C4,anchored,42,u_vector_pct,2.0,True,2000,2000,max_iter,0.12577767556021818,250,6.39916319999611,8.015622899998561,8.340148899995256,4.7696574000729015,6.055329800110485
C4_anchored_s42,C4,anchored,42,u_vector_pct,1.0,True,2000,2000,max_iter,0.12577767556021818,350,9.701192399996216,11.294884699993418,11.617719099995156,7.415978500168421,8.69470880015433
C4_anchored_s42,C4,anchored,42,s_vector_pct,5.0,True,2000,2000,max_iter,0.9305344010496295,450,12.92768509999587,14.556931699997222,14.894452399996226,10.0043006001506,11.306702800153289
C4_anchored_s42,C4,anchored,42,s_vector_pct,2.0,True,2000,2000,max_iter,0.9305344010496295,1000,30.74360849999357,32.37770779999846,32.69847730000038,24.250337400080753,25.56040600007691
C4_anchored_s42,C4,anchored,42,s_vector_pct,1.0,True,2000,2000,max_iter,0.9305344010496295,1900,59.82728979999956,61.42944639999769,61.750382499994885,47.47872960015957,48.7579139001391
C2_vanilla_s45,C2,vanilla,45,u_vector_pct,5.0,True,2000,2000,max_iter,1.3230303347287666,750,20.824857799998426,22.314200900000287,22.60164110000187,16.44965700002649,17.64642610005103
C2_vanilla_s45,C2,vanilla,45,u_vector_pct,2.0,True,2000,2000,max_iter,1.3230303347287666,1450,41.50341440000193,43.008892700003344,43.30005769999843,33.07546270005696,34.2831131000421
C2_vanilla_s45,C2,vanilla,45,u_vector_pct,1.0,False,2000,2000,max_iter,1.3230303347287666,,,,,,
C2_vanilla_s45,C2,vanilla,45,s_vector_pct,5.0,False,2000,2000,max_iter,7.174677201443452,,,,,,
C2_vanilla_s45,C2,vanilla,45,s_vector_pct,2.0,False,2000,2000,max_iter,7.174677201443452,,,,,,
C2_vanilla_s45,C2,vanilla,45,s_vector_pct,1.0,False,2000,2000,max_iter,7.174677201443452,,,,,,
T1_fourier_s47,T1,fourier,47,u_vector_pct,5.0,True,10000,10000,max_iter,0.4511043961123005,200,9.675196000011056,12.700432900004671,13.627746600002865,6.014722599909874,8.11560679989634
T1_fourier_s47,T1,fourier,47,u_vector_pct,2.0,True,10000,10000,max_iter,0.4511043961123005,550,30.626589400009834,33.5824011000077,34.46597689999908,20.47515159996692,22.534258000043337
T1_fourier_s47,T1,fourier,47,u_vector_pct,1.0,True,10000,10000,max_iter,0.4511043961123005,700,39.474734300005366,42.395663500006776,43.276625099999364,26.649543800085667,28.663686900108587
T1_fourier_s47,T1,fourier,47,s_vector_pct,5.0,True,10000,10000,max_iter,1.1315438560677937,400,21.69195480000053,24.71786499999871,25.617672500011395,14.286034299904713,16.391230600012932
T1_fourier_s47,T1,fourier,47,s_vector_pct,2.0,True,10000,10000,max_iter,1.1315438560677937,1000,56.50844499999948,59.516177500001504,60.45605550000619,38.35953320025874,40.46846840030048
T1_fourier_s47,T1,fourier,47,s_vector_pct,1.0,False,10000,10000,max_iter,1.1315438560677937,,,,,,
C8_fourier_half_s47,C8,fourier_half,47,u_vector_pct,5.0,True,2000,2000,max_iter,0.034791439676974276,100,1.7797699000002467,3.473429400000896,3.798951999997371,1.0981684000144014,2.4327189999748953
C8_fourier_half_s47,C8,fourier_half,47,u_vector_pct,2.0,True,2000,2000,max_iter,0.034791439676974276,150,3.473429400000896,5.197555300001113,5.525147200001811,2.4327189999748953,3.8243268999867723
C8_fourier_half_s47,C8,fourier_half,47,u_vector_pct,1.0,True,2000,2000,max_iter,0.034791439676974276,200,5.197555300001113,6.910250699998869,7.235923799999,3.8243268999867723,5.208983899960003
C8_fourier_half_s47,C8,fourier_half,47,s_vector_pct,5.0,True,2000,2000,max_iter,0.21707676310194676,200,5.197555300001113,6.910250699998869,7.235923799999,3.8243268999867723,5.208983899960003
C8_fourier_half_s47,C8,fourier_half,47,s_vector_pct,2.0,True,2000,2000,max_iter,0.21707676310194676,300,8.57092399999965,10.257790099996782,10.578199799994763,6.542669699905673,7.9037786998960655
C8_fourier_half_s47,C8,fourier_half,47,s_vector_pct,1.0,True,2000,2000,max_iter,0.21707676310194676,500,15.339877599995816,17.068627900000138,17.395138100000622,12.000252399826422,13.395342199895822
C1_xpinn_s41,C1,xpinn,41,u_vector_pct,5.0,True,2000,2000,max_iter,4.563470609871472,1500,77.00005409999721,79.89124559999618,80.35102360000019,63.97534289981559,66.4395891998065
C1_xpinn_s41,C1,xpinn,41,u_vector_pct,2.0,False,2000,2000,max_iter,4.563470609871472,,,,,,
C1_xpinn_s41,C1,xpinn,41,u_vector_pct,1.0,False,2000,2000,max_iter,4.563470609871472,,,,,,
C1_xpinn_s41,C1,xpinn,41,s_vector_pct,5.0,False,2000,2000,max_iter,27.697770441240674,,,,,,
C1_xpinn_s41,C1,xpinn,41,s_vector_pct,2.0,False,2000,2000,max_iter,27.697770441240674,,,,,,
C1_xpinn_s41,C1,xpinn,41,s_vector_pct,1.0,False,2000,2000,max_iter,27.697770441240674,,,,,,
C2_vanilla_s44,C2,vanilla,44,u_vector_pct,5.0,True,2000,2000,max_iter,1.5392869690190225,900,25.326226899996982,26.800362599999062,27.08982660000038,20.079027099971427,21.259100700001
C2_vanilla_s44,C2,vanilla,44,u_vector_pct,2.0,True,2000,2000,max_iter,1.5392869690190225,1850,53.18988800000079,54.67242869999609,54.96237850000034,42.43555869985721,43.63092459985637
C2_vanilla_s44,C2,vanilla,44,u_vector_pct,1.0,False,2000,2000,max_iter,1.5392869690190225,,,,,,
C2_vanilla_s44,C2,vanilla,44,s_vector_pct,5.0,False,2000,2000,max_iter,7.449779284051226,,,,,,
C2_vanilla_s44,C2,vanilla,44,s_vector_pct,2.0,False,2000,2000,max_iter,7.449779284051226,,,,,,
C2_vanilla_s44,C2,vanilla,44,s_vector_pct,1.0,False,2000,2000,max_iter,7.449779284051226,,,,,,
C4_vanilla_s45,C4,vanilla,45,u_vector_pct,5.0,True,2000,2000,max_iter,3.36170048349019,950,27.576641499996185,29.04746210000303,29.341319300001487,21.96396520003327,23.14436880005087
C4_vanilla_s45,C4,vanilla,45,u_vector_pct,2.0,False,2000,2000,max_iter,3.36170048349019,,,,,,
C4_vanilla_s45,C4,vanilla,45,u_vector_pct,1.0,False,2000,2000,max_iter,3.36170048349019,,,,,,
C4_vanilla_s45,C4,vanilla,45,s_vector_pct,5.0,False,2000,2000,max_iter,7.212452480570983,,,,,,
C4_vanilla_s45,C4,vanilla,45,s_vector_pct,2.0,False,2000,2000,max_iter,7.212452480570983,,,,,,
C4_vanilla_s45,C4,vanilla,45,s_vector_pct,1.0,False,2000,2000,max_iter,7.212452480570983,,,,,,
C1_xpinn_s48,C1,xpinn,48,u_vector_pct,5.0,True,2000,2000,max_iter,3.604399307745145,1150,57.7281959000029,60.41349410000112,60.84403469999961,47.80852370004868,50.05783030006569
C1_xpinn_s48,C1,xpinn,48,u_vector_pct,2.0,False,2000,2000,max_iter,3.604399307745145,,,,,,
C1_xpinn_s48,C1,xpinn,48,u_vector_pct,1.0,False,2000,2000,max_iter,3.604399307745145,,,,,,
C1_xpinn_s48,C1,xpinn,48,s_vector_pct,5.0,False,2000,2000,max_iter,26.413560271518545,,,,,,
C1_xpinn_s48,C1,xpinn,48,s_vector_pct,2.0,False,2000,2000,max_iter,26.413560271518545,,,,,,
C1_xpinn_s48,C1,xpinn,48,s_vector_pct,1.0,False,2000,2000,max_iter,26.413560271518545,,,,,,
C1_dem_s47,C1,dem,47,u_vector_pct,5.0,True,1000,1000,max_iter,0.9612424266539916,200,5.366532899999584,7.02360879999469,7.595244099997217,3.0399065000237897,4.093845100040198
C1_dem_s47,C1,dem,47,u_vector_pct,2.0,True,1000,1000,max_iter,0.9612424266539916,250,7.02360879999469,8.657627399996272,9.22916389999591,4.093845100040198,5.1549495000290335
C1_dem_s47,C1,dem,47,u_vector_pct,1.0,True,1000,1000,max_iter,0.9612424266539916,750,23.56326579999586,25.2383250999992,25.826725799997803,14.781313399951614,15.841284499962057
C1_dem_s47,C1,dem,47,s_vector_pct,5.0,False,1000,1000,max_iter,8.084675052221042,,,,,,
C1_dem_s47,C1,dem,47,s_vector_pct,2.0,False,1000,1000,max_iter,8.084675052221042,,,,,,
C1_dem_s47,C1,dem,47,s_vector_pct,1.0,False,1000,1000,max_iter,8.084675052221042,,,,,,
C8_independent_gaussian_s41,C8,independent_gaussian,41,u_vector_pct,5.0,True,2000,2000,max_iter,0.1348320502907872,150,3.2851488000014797,4.900753499998245,5.227581999999529,2.2445333999712602,3.5290278999891598
C8_independent_gaussian_s41,C8,independent_gaussian,41,u_vector_pct,2.0,True,2000,2000,max_iter,0.1348320502907872,250,6.52483729999949,8.156811299995752,8.477343200000178,4.825869199979934,6.133004200004507
C8_independent_gaussian_s41,C8,independent_gaussian,41,u_vector_pct,1.0,True,2000,2000,max_iter,0.1348320502907872,450,13.032555400001002,14.661193599997205,14.983087499997055,10.042721200021333,11.347715300005802
C8_independent_gaussian_s41,C8,independent_gaussian,41,s_vector_pct,5.0,True,2000,2000,max_iter,0.6719417054514054,450,13.032555400001002,14.661193599997205,14.983087499997055,10.042721200021333,11.347715300005802
C8_independent_gaussian_s41,C8,independent_gaussian,41,s_vector_pct,2.0,True,2000,2000,max_iter,0.6719417054514054,750,22.726156299999275,24.40920609999739,24.731718600000022,17.78497509992303,19.140843899913307
C8_independent_gaussian_s41,C8,independent_gaussian,41,s_vector_pct,1.0,True,2000,2000,max_iter,0.6719417054514054,1350,42.164954200001375,43.79235379999591,44.11541359999683,33.30659319997358,34.606184299969755
T1_fourier_s43,T1,fourier,43,u_vector_pct,5.0,True,10000,10000,max_iter,0.18069264688330391,200,9.507385200005956,12.432313700002851,13.343429500004277,5.806280000004335,7.825018900068244
T1_fourier_s43,T1,fourier,43,u_vector_pct,2.0,True,10000,10000,max_iter,0.18069264688330391,600,32.73807580000721,35.561023800008115,36.42031090000819,21.87519669989706,23.82451859988214
T1_fourier_s43,T1,fourier,43,u_vector_pct,1.0,True,10000,10000,max_iter,0.18069264688330391,750,40.98721020000812,43.76498550000542,44.640387300009024,27.564294299911126,29.475427899888018
T1_fourier_s43,T1,fourier,43,s_vector_pct,5.0,True,10000,10000,max_iter,0.9609078958187572,350,18.223934200010262,21.180836200001067,22.0736220000108,11.810130400015623,13.844698399945628
T1_fourier_s43,T1,fourier,43,s_vector_pct,2.0,True,10000,10000,max_iter,0.9609078958187572,1000,55.45744169999671,58.49922630000219,59.42253710000659,37.64123079992714,39.745637299944065
T1_fourier_s43,T1,fourier,43,s_vector_pct,1.0,True,10000,10000,max_iter,0.9609078958187572,8050,468.03660890000174,471.09939290001057,471.9795307000022,321.7073149008065,323.8506660007988
C8_vanilla_matched_s43,C8,vanilla_matched,43,u_vector_pct,5.0,True,2000,2000,max_iter,0.9363561023561044,800,22.362804099997447,23.874747999994725,24.169216399997822,17.50722390010924,18.72543380012212
C8_vanilla_matched_s43,C8,vanilla_matched,43,u_vector_pct,2.0,True,2000,2000,max_iter,0.9363561023561044,1300,37.3503767000002,38.84154199999466,39.13473410000006,29.55201290005789,30.75038190001942
C8_vanilla_matched_s43,C8,vanilla_matched,43,u_vector_pct,1.0,True,2000,2000,max_iter,0.9363561023561044,2000,58.48536709999462,59.960279300001275,60.25227989999985,46.55590420002409,47.73955150000256
C8_vanilla_matched_s43,C8,vanilla_matched,43,s_vector_pct,5.0,False,2000,2000,max_iter,6.386258573804284,,,,,,
C8_vanilla_matched_s43,C8,vanilla_matched,43,s_vector_pct,2.0,False,2000,2000,max_iter,6.386258573804284,,,,,,
C8_vanilla_matched_s43,C8,vanilla_matched,43,s_vector_pct,1.0,False,2000,2000,max_iter,6.386258573804284,,,,,,
T1_vanilla_matched_s45,T1,vanilla_matched,45,u_vector_pct,5.0,True,10000,10000,max_iter,1.3139230278101253,3950,202.46419759999844,205.0908832999994,205.97578769999382,133.80453910000506,135.55754550002166
T1_vanilla_matched_s45,T1,vanilla_matched,45,u_vector_pct,2.0,True,10000,10000,max_iter,1.3139230278101253,6200,307.75742649998574,310.0653932999994,310.8621609999973,202.71067200005928,204.22201019998465
T1_vanilla_matched_s45,T1,vanilla_matched,45,u_vector_pct,1.0,False,10000,10000,max_iter,1.3139230278101253,,,,,,
T1_vanilla_matched_s45,T1,vanilla_matched,45,s_vector_pct,5.0,True,10000,10000,max_iter,3.3583540731143313,6500,321.5019567999989,323.7724123999942,324.56166629999643,211.69477199997345,213.17070729998522
T1_vanilla_matched_s45,T1,vanilla_matched,45,s_vector_pct,2.0,False,10000,10000,max_iter,3.3583540731143313,,,,,,
T1_vanilla_matched_s45,T1,vanilla_matched,45,s_vector_pct,1.0,False,10000,10000,max_iter,3.3583540731143313,,,,,,
C8_vanilla_matched_s45,C8,vanilla_matched,45,u_vector_pct,5.0,True,2000,2000,max_iter,1.41923452620817,600,16.393349199999648,17.855614599997352,18.15852929999528,12.819011599945952,13.982090499950573
C8_vanilla_matched_s45,C8,vanilla_matched,45,u_vector_pct,2.0,True,2000,2000,max_iter,1.41923452620817,1050,29.86890969999513,31.435808099995484,31.7268036999958,23.606257099934737,24.87136599994119
C8_vanilla_matched_s45,C8,vanilla_matched,45,u_vector_pct,1.0,True,2000,2000,max_iter,1.41923452620817,1700,49.56013649999659,51.075303099998564,51.37337159999879,39.46042799989664,40.68096559989499
C8_vanilla_matched_s45,C8,vanilla_matched,45,s_vector_pct,5.0,True,2000,2000,max_iter,4.8164864532667675,1950,57.152872699996806,58.66222299999936,58.95610869999655,45.56294049988355,46.77569049990416
C8_vanilla_matched_s45,C8,vanilla_matched,45,s_vector_pct,2.0,False,2000,2000,max_iter,4.8164864532667675,,,,,,
C8_vanilla_matched_s45,C8,vanilla_matched,45,s_vector_pct,1.0,False,2000,2000,max_iter,4.8164864532667675,,,,,,
C3_vanilla_s41,C3,vanilla,41,u_vector_pct,5.0,True,2000,2000,max_iter,1.183161982237734,800,22.025600599998143,23.49403270000039,23.7833799,17.379222299983667,18.56255169997894
C3_vanilla_s41,C3,vanilla,41,u_vector_pct,2.0,True,2000,2000,max_iter,1.183161982237734,1350,38.2427131000004,39.73078969999915,40.0161592000004,30.433374599997478,31.63218330003292
C3_vanilla_s41,C3,vanilla,41,u_vector_pct,1.0,False,2000,2000,max_iter,1.183161982237734,,,,,,
C3_vanilla_s41,C3,vanilla,41,s_vector_pct,5.0,False,2000,2000,max_iter,5.7657921071997915,,,,,,
C3_vanilla_s41,C3,vanilla,41,s_vector_pct,2.0,False,2000,2000,max_iter,5.7657921071997915,,,,,,
C3_vanilla_s41,C3,vanilla,41,s_vector_pct,1.0,False,2000,2000,max_iter,5.7657921071997915,,,,,,
C4_vanilla_s43,C4,vanilla,43,u_vector_pct,5.0,True,2000,2000,max_iter,0.8431256084814907,750,20.00965620000352,21.441181700000016,21.728647300005832,15.693083099911746,16.8326963998843
C4_vanilla_s43,C4,vanilla,43,u_vector_pct,2.0,True,2000,2000,max_iter,0.8431256084814907,1200,33.14769410000008,34.589538700005505,34.87641650000296,26.246670899898163,27.401986699893314
C4_vanilla_s43,C4,vanilla,43,u_vector_pct,1.0,True,2000,2000,max_iter,0.8431256084814907,1900,53.43591800000286,54.925774499999534,55.216322899999795,42.50463759991544,43.70891019991541
C4_vanilla_s43,C4,vanilla,43,s_vector_pct,5.0,False,2000,2000,max_iter,5.166788197939231,,,,,,
C4_vanilla_s43,C4,vanilla,43,s_vector_pct,2.0,False,2000,2000,max_iter,5.166788197939231,,,,,,
C4_vanilla_s43,C4,vanilla,43,s_vector_pct,1.0,False,2000,2000,max_iter,5.166788197939231,,,,,,
C7_vanilla_s43,C7,vanilla,43,u_vector_pct,5.0,True,2000,2000,max_iter,4.455960116064329,1900,55.06497350000427,56.6146721000041,56.90558750000491,44.03608240001631,45.28748430003179
C7_vanilla_s43,C7,vanilla,43,u_vector_pct,2.0,False,2000,2000,max_iter,4.455960116064329,,,,,,
C7_vanilla_s43,C7,vanilla,43,u_vector_pct,1.0,False,2000,2000,max_iter,4.455960116064329,,,,,,
C7_vanilla_s43,C7,vanilla,43,s_vector_pct,5.0,False,2000,2000,max_iter,15.822232359879758,,,,,,
C7_vanilla_s43,C7,vanilla,43,s_vector_pct,2.0,False,2000,2000,max_iter,15.822232359879758,,,,,,
C7_vanilla_s43,C7,vanilla,43,s_vector_pct,1.0,False,2000,2000,max_iter,15.822232359879758,,,,,,
C5_xpinn_s43,C5,xpinn,43,u_vector_pct,5.0,False,2000,2000,max_iter,7.319033150463068,,,,,,
C5_xpinn_s43,C5,xpinn,43,u_vector_pct,2.0,False,2000,2000,max_iter,7.319033150463068,,,,,,
C5_xpinn_s43,C5,xpinn,43,u_vector_pct,1.0,False,2000,2000,max_iter,7.319033150463068,,,,,,
C5_xpinn_s43,C5,xpinn,43,s_vector_pct,5.0,False,2000,2000,max_iter,20.13767069605813,,,,,,
C5_xpinn_s43,C5,xpinn,43,s_vector_pct,2.0,False,2000,2000,max_iter,20.13767069605813,,,,,,
C5_xpinn_s43,C5,xpinn,43,s_vector_pct,1.0,False,2000,2000,max_iter,20.13767069605813,,,,,,
C3_fourier_s41,C3,fourier,41,u_vector_pct,5.0,True,2000,2000,max_iter,0.13370029111155712,100,1.7419488999948953,3.411657799995737,3.735821800000849,1.0894266999748652,2.40141099999164
C3_fourier_s41,C3,fourier,41,u_vector_pct,2.0,True,2000,2000,max_iter,0.13370029111155712,200,5.0434429999950225,6.709104399997159,7.038314299999911,3.7078523999807658,5.04763039998943
C3_fourier_s41,C3,fourier,41,u_vector_pct,1.0,True,2000,2000,max_iter,0.13370029111155712,250,6.709104399997159,8.369474299994181,8.693202199996449,5.04763039998943,6.377596200029075
C3_fourier_s41,C3,fourier,41,s_vector_pct,5.0,True,2000,2000,max_iter,0.591822531226355,300,8.369474299994181,10.018153999997594,10.343850099998235,6.377596200029075,7.702145300048869
C3_fourier_s41,C3,fourier,41,s_vector_pct,2.0,True,2000,2000,max_iter,0.591822531226355,550,16.810042999997677,18.488132899998163,18.817720899998676,13.180844100068498,14.511631900037173
C3_fourier_s41,C3,fourier,41,s_vector_pct,1.0,True,2000,2000,max_iter,0.591822531226355,1100,35.39040989999921,37.055000599997584,37.37945029999537,28.122391900062212,29.466331500072556
C6_xpinn_s41,C6,xpinn,41,u_vector_pct,5.0,False,2000,2000,max_iter,6.541147886726107,,,,,,
C6_xpinn_s41,C6,xpinn,41,u_vector_pct,2.0,False,2000,2000,max_iter,6.541147886726107,,,,,,
C6_xpinn_s41,C6,xpinn,41,u_vector_pct,1.0,False,2000,2000,max_iter,6.541147886726107,,,,,,
C6_xpinn_s41,C6,xpinn,41,s_vector_pct,5.0,False,2000,2000,max_iter,21.086257724199758,,,,,,
C6_xpinn_s41,C6,xpinn,41,s_vector_pct,2.0,False,2000,2000,max_iter,21.086257724199758,,,,,,
C6_xpinn_s41,C6,xpinn,41,s_vector_pct,1.0,False,2000,2000,max_iter,21.086257724199758,,,,,,
C8_dem_s41,C8,dem,41,u_vector_pct,5.0,True,1000,1000,max_iter,1.71619079396266,200,5.4673806999999215,7.136851399998704,7.716350700000476,3.0810341999240336,4.1191029999172315
C8_dem_s41,C8,dem,41,u_vector_pct,2.0,True,1000,1000,max_iter,1.71619079396266,250,7.136851399998704,8.782821199994942,9.371085999999195,4.1191029999172315,5.183424399954674
C8_dem_s41,C8,dem,41,u_vector_pct,1.0,True,1000,1000,max_iter,1.71619079396266,450,13.789037599999574,15.472372299998824,16.076584199996432,8.403277999925194,9.49787349991675
C8_dem_s41,C8,dem,41,s_vector_pct,5.0,False,1000,1000,max_iter,7.525567159489758,,,,,,
C8_dem_s41,C8,dem,41,s_vector_pct,2.0,False,1000,1000,max_iter,7.525567159489758,,,,,,
C8_dem_s41,C8,dem,41,s_vector_pct,1.0,False,1000,1000,max_iter,7.525567159489758,,,,,,
C8_vanilla_s48,C8,vanilla,48,u_vector_pct,5.0,True,2000,2000,max_iter,0.7067582733918373,650,17.49214459999348,18.912285299993528,19.19750809999823,13.72407800007204,14.85582550008985
C8_vanilla_s48,C8,vanilla,48,u_vector_pct,2.0,True,2000,2000,max_iter,0.7067582733918373,1050,29.083031699999992,30.51795349999884,30.803032999996503,23.022902700075065,24.16724570003862
C8_vanilla_s48,C8,vanilla,48,u_vector_pct,1.0,True,2000,2000,max_iter,0.7067582733918373,1700,48.237987799999246,49.72500690000015,50.011276199998974,38.44568410010834,39.64266500015947
C8_vanilla_s48,C8,vanilla,48,s_vector_pct,5.0,False,2000,2000,max_iter,5.406023467721098,,,,,,
C8_vanilla_s48,C8,vanilla,48,s_vector_pct,2.0,False,2000,2000,max_iter,5.406023467721098,,,,,,
C8_vanilla_s48,C8,vanilla,48,s_vector_pct,1.0,False,2000,2000,max_iter,5.406023467721098,,,,,,
C7_fourier_s41,C7,fourier,41,u_vector_pct,5.0,True,2000,2000,max_iter,0.5495433876911953,150,3.4220816000015475,5.140472200000659,5.466177499998594,2.4030668000414153,3.795816200057743
C7_fourier_s41,C7,fourier,41,u_vector_pct,2.0,True,2000,2000,max_iter,0.5495433876911953,300,8.498063300001377,10.179375200001232,10.507271900001797,6.498660599958384,7.855665799936105
C7_fourier_s41,C7,fourier,41,u_vector_pct,1.0,True,2000,2000,max_iter,0.5495433876911953,550,16.77693680000084,18.48420939999778,18.805653399998846,13.150039200001629,14.529465199957485
C7_fourier_s41,C7,fourier,41,s_vector_pct,5.0,True,2000,2000,max_iter,2.844852951384719,850,26.90161700000317,28.643441899999743,28.970030600001337,21.325386699987575,22.740381199990225
C7_fourier_s41,C7,fourier,41,s_vector_pct,2.0,False,2000,2000,max_iter,2.844852951384719,,,,,,
C7_fourier_s41,C7,fourier,41,s_vector_pct,1.0,False,2000,2000,max_iter,2.844852951384719,,,,,,
C8_xpinn_s48,C8,xpinn,48,u_vector_pct,5.0,True,2000,2000,max_iter,3.951670567468248,1250,84.3471051000015,88.29086929999903,88.85598110000137,71.09764360006375,74.50596130007034
C8_xpinn_s48,C8,xpinn,48,u_vector_pct,2.0,False,2000,2000,max_iter,3.951670567468248,,,,,,
C8_xpinn_s48,C8,xpinn,48,u_vector_pct,1.0,False,2000,2000,max_iter,3.951670567468248,,,,,,
C8_xpinn_s48,C8,xpinn,48,s_vector_pct,5.0,False,2000,2000,max_iter,18.956916457253236,,,,,,
C8_xpinn_s48,C8,xpinn,48,s_vector_pct,2.0,False,2000,2000,max_iter,18.956916457253236,,,,,,
C8_xpinn_s48,C8,xpinn,48,s_vector_pct,1.0,False,2000,2000,max_iter,18.956916457253236,,,,,,
C5_xpinn_s45,C5,xpinn,45,u_vector_pct,5.0,False,2000,2000,max_iter,5.208540811594041,,,,,,
C5_xpinn_s45,C5,xpinn,45,u_vector_pct,2.0,False,2000,2000,max_iter,5.208540811594041,,,,,,
C5_xpinn_s45,C5,xpinn,45,u_vector_pct,1.0,False,2000,2000,max_iter,5.208540811594041,,,,,,
C5_xpinn_s45,C5,xpinn,45,s_vector_pct,5.0,False,2000,2000,max_iter,19.88858812074109,,,,,,
C5_xpinn_s45,C5,xpinn,45,s_vector_pct,2.0,False,2000,2000,max_iter,19.88858812074109,,,,,,
C5_xpinn_s45,C5,xpinn,45,s_vector_pct,1.0,False,2000,2000,max_iter,19.88858812074109,,,,,,
C8_vanilla_matched_s41,C8,vanilla_matched,41,u_vector_pct,5.0,True,2000,2000,max_iter,0.9234270524961757,750,27.365065899997717,29.3141042999996,29.61947820000205,22.20993379999709,23.796008999997866
C8_vanilla_matched_s41,C8,vanilla_matched,41,u_vector_pct,2.0,True,2000,2000,max_iter,0.9234270524961757,1150,42.25849939999898,44.33287179999752,44.68898810000246,34.64569990000746,36.34101319999172
C8_vanilla_matched_s41,C8,vanilla_matched,41,u_vector_pct,1.0,True,2000,2000,max_iter,0.9234270524961757,1900,71.42190329999721,73.45180409999739,73.76222830000188,58.90636530005577,60.579757900035474
C8_vanilla_matched_s41,C8,vanilla_matched,41,s_vector_pct,5.0,False,2000,2000,max_iter,5.942537520321825,,,,,,
C8_vanilla_matched_s41,C8,vanilla_matched,41,s_vector_pct,2.0,False,2000,2000,max_iter,5.942537520321825,,,,,,
C8_vanilla_matched_s41,C8,vanilla_matched,41,s_vector_pct,1.0,False,2000,2000,max_iter,5.942537520321825,,,,,,
C8_dem_s45,C8,dem,45,u_vector_pct,5.0,True,1000,1000,max_iter,145.66950449543583,150,4.836870299994189,7.108576299993729,7.807110799993097,2.662918100017123,4.209148600035405
C8_dem_s45,C8,dem,45,u_vector_pct,2.0,True,1000,1000,max_iter,145.66950449543583,250,9.28312939999887,11.340426299997489,12.04947009999887,5.684600500047964,7.07936400003382
C8_dem_s45,C8,dem,45,u_vector_pct,1.0,True,1000,1000,max_iter,145.66950449543583,350,13.432666699998663,15.504026999995403,16.19494229999691,8.462004600027285,9.839900900049543
C8_dem_s45,C8,dem,45,s_vector_pct,5.0,False,1000,1000,max_iter,737.6870775346489,,,,,,
C8_dem_s45,C8,dem,45,s_vector_pct,2.0,False,1000,1000,max_iter,737.6870775346489,,,,,,
C8_dem_s45,C8,dem,45,s_vector_pct,1.0,False,1000,1000,max_iter,737.6870775346489,,,,,,
C1_anchored_s48,C1,anchored,48,u_vector_pct,5.0,True,2000,2000,max_iter,0.4024883227345764,150,3.8401035999995656,5.738153099999181,6.035563799996453,2.779495200004021,4.356756700013648
C1_anchored_s48,C1,anchored,48,u_vector_pct,2.0,True,2000,2000,max_iter,0.4024883227345764,300,9.789452800003346,11.82633530000021,12.17888110000058,7.737316700033261,9.411818800042965
C1_anchored_s48,C1,anchored,48,u_vector_pct,1.0,True,2000,2000,max_iter,0.4024883227345764,450,16.06342720000248,18.16019399999641,18.539454799996747,12.888062199985143,14.609132499972475
C1_anchored_s48,C1,anchored,48,s_vector_pct,5.0,True,2000,2000,max_iter,4.014040558211996,1400,54.42203110000264,56.37320300000283,56.72338760000275,44.46130060008727,46.056969400073285
C1_anchored_s48,C1,anchored,48,s_vector_pct,2.0,False,2000,2000,max_iter,4.014040558211996,,,,,,
C1_anchored_s48,C1,anchored,48,s_vector_pct,1.0,False,2000,2000,max_iter,4.014040558211996,,,,,,
C5_fourier_s43,C5,fourier,43,u_vector_pct,5.0,True,2000,2000,max_iter,0.0796352924537279,150,4.047134299995378,6.162869599997066,6.506365900000674,3.075951899976644,4.805886299953272
C5_fourier_s43,C5,fourier,43,u_vector_pct,2.0,True,2000,2000,max_iter,0.0796352924537279,200,6.162869599997066,8.326696199997969,8.726792299996305,4.805886299953272,6.625665499966999
C5_fourier_s43,C5,fourier,43,u_vector_pct,1.0,True,2000,2000,max_iter,0.0796352924537279,250,8.326696199997969,10.516057900000305,10.915734899994277,6.625665499966999,8.412051799961773
C5_fourier_s43,C5,fourier,43,s_vector_pct,5.0,True,2000,2000,max_iter,0.477598598342614,300,10.516057900000305,12.651151199999731,13.02272770000127,8.412051799961773,10.146967499953462
C5_fourier_s43,C5,fourier,43,s_vector_pct,2.0,True,2000,2000,max_iter,0.477598598342614,500,19.01845179999509,21.172417800000403,21.538920599996345,15.42975359994307,17.202727399948344
C5_fourier_s43,C5,fourier,43,s_vector_pct,1.0,True,2000,2000,max_iter,0.477598598342614,900,35.71498099999735,37.829920199998014,38.199311899996246,29.218261199981498,30.97095809995517
C6_xpinn_s42,C6,xpinn,42,u_vector_pct,5.0,False,2000,2000,max_iter,7.476778058490422,,,,,,
C6_xpinn_s42,C6,xpinn,42,u_vector_pct,2.0,False,2000,2000,max_iter,7.476778058490422,,,,,,
C6_xpinn_s42,C6,xpinn,42,u_vector_pct,1.0,False,2000,2000,max_iter,7.476778058490422,,,,,,
C6_xpinn_s42,C6,xpinn,42,s_vector_pct,5.0,False,2000,2000,max_iter,21.32632077930858,,,,,,
C6_xpinn_s42,C6,xpinn,42,s_vector_pct,2.0,False,2000,2000,max_iter,21.32632077930858,,,,,,
C6_xpinn_s42,C6,xpinn,42,s_vector_pct,1.0,False,2000,2000,max_iter,21.32632077930858,,,,,,
C2_xpinn_s42,C2,xpinn,42,u_vector_pct,5.0,True,2000,2000,max_iter,3.039283964544425,1400,105.37811530000181,109.32930420000048,109.90886809999938,89.56459189992165,92.96784679991106
C2_xpinn_s42,C2,xpinn,42,u_vector_pct,2.0,False,2000,2000,max_iter,3.039283964544425,,,,,,
C2_xpinn_s42,C2,xpinn,42,u_vector_pct,1.0,False,2000,2000,max_iter,3.039283964544425,,,,,,
C2_xpinn_s42,C2,xpinn,42,s_vector_pct,5.0,False,2000,2000,max_iter,20.94696283517126,,,,,,
C2_xpinn_s42,C2,xpinn,42,s_vector_pct,2.0,False,2000,2000,max_iter,20.94696283517126,,,,,,
C2_xpinn_s42,C2,xpinn,42,s_vector_pct,1.0,False,2000,2000,max_iter,20.94696283517126,,,,,,
T1_anchored_s48,T1,anchored,48,u_vector_pct,5.0,True,10000,10000,max_iter,0.2964343953620836,500,21.699699300006614,24.064042600002722,24.88957830000436,13.134756599800312,14.629181299780612
T1_anchored_s48,T1,anchored,48,u_vector_pct,2.0,True,10000,10000,max_iter,0.2964343953620836,1000,45.29481160000432,47.669649400006165,48.521878300001845,28.19900059980864,29.72312349981803
T1_anchored_s48,T1,anchored,48,u_vector_pct,1.0,True,10000,10000,max_iter,0.2964343953620836,4850,226.05061879999994,228.4151508000068,229.27239009999903,143.55918979995477,145.0672215999657
T1_anchored_s48,T1,anchored,48,s_vector_pct,5.0,True,10000,10000,max_iter,1.4018499282932086,1200,54.83634429999802,57.22116780000215,58.07059099999606,34.32495189992187,35.83912669995334
T1_anchored_s48,T1,anchored,48,s_vector_pct,2.0,True,10000,10000,max_iter,1.4018499282932086,5050,235.6203969000053,237.99220920000516,238.84580870000354,149.70181530009722,151.21175670006778
T1_anchored_s48,T1,anchored,48,s_vector_pct,1.0,False,10000,10000,max_iter,1.4018499282932086,,,,,,
C3_fourier_s42,C3,fourier,42,u_vector_pct,5.0,True,2000,2000,max_iter,0.2627686460141348,100,2.1358744999961345,4.232313399996201,4.545923999998195,1.4256375999902957,3.1935391999868443
C3_fourier_s42,C3,fourier,42,u_vector_pct,2.0,True,2000,2000,max_iter,0.2627686460141348,150,4.232313399996201,6.233668100001523,6.566960899996047,3.1935391999868443,4.879515500004345
C3_fourier_s42,C3,fourier,42,u_vector_pct,1.0,True,2000,2000,max_iter,0.2627686460141348,250,8.272293599999102,10.352645899998606,10.751546300001792,6.584345700022823,8.338845200058131
C3_fourier_s42,C3,fourier,42,s_vector_pct,5.0,True,2000,2000,max_iter,0.985492122724841,350,12.383094600001641,14.444062100003066,14.769292199998745,9.969908700055385,11.687394300060987
C3_fourier_s42,C3,fourier,42,s_vector_pct,2.0,True,2000,2000,max_iter,0.985492122724841,750,29.47821280000062,31.619733699997596,31.97210410000116,24.17198720003944,25.947229200064612
C3_fourier_s42,C3,fourier,42,s_vector_pct,1.0,True,2000,2000,max_iter,0.985492122724841,1950,81.97113220000028,84.26785789999849,84.64432690000103,67.45758189985645,69.34715829987545
C1_vanilla_s48,C1,vanilla,48,u_vector_pct,5.0,True,2000,2000,max_iter,0.9795120207181941,850,31.79665159999422,33.87071719999949,34.24841100000049,25.80518280006072,27.5410465000532
C1_vanilla_s48,C1,vanilla,48,u_vector_pct,2.0,True,2000,2000,max_iter,0.9795120207181941,1300,49.089491399994586,50.84858389999863,51.14431369999511,40.02645580000535,41.450849799992284
C1_vanilla_s48,C1,vanilla,48,u_vector_pct,1.0,True,2000,2000,max_iter,0.9795120207181941,1900,73.05335799999739,75.14712689999578,75.50888159999886,59.93229949994566,61.714885399916966
C1_vanilla_s48,C1,vanilla,48,s_vector_pct,5.0,False,2000,2000,max_iter,10.650571514316091,,,,,,
C1_vanilla_s48,C1,vanilla,48,s_vector_pct,2.0,False,2000,2000,max_iter,10.650571514316091,,,,,,
C1_vanilla_s48,C1,vanilla,48,s_vector_pct,1.0,False,2000,2000,max_iter,10.650571514316091,,,,,,
C1_fourier_s47,C1,fourier,47,u_vector_pct,5.0,True,2000,2000,max_iter,1.0383112902242073,150,4.431452500000887,6.7663853999983985,7.126772399999027,3.2953925999681815,5.213661299974774
C1_fourier_s47,C1,fourier,47,u_vector_pct,2.0,True,2000,2000,max_iter,1.0383112902242073,250,9.10663470000145,11.345262799994089,11.750608700007433,7.192847799946321,9.060960199916735
C1_fourier_s47,C1,fourier,47,u_vector_pct,1.0,True,2000,2000,max_iter,1.0383112902242073,300,11.345262799994089,13.550020599999698,13.969003999998677,9.060960199916735,10.859769499933464
C1_fourier_s47,C1,fourier,47,s_vector_pct,5.0,False,2000,2000,max_iter,5.871621713426891,,,,,,
C1_fourier_s47,C1,fourier,47,s_vector_pct,2.0,False,2000,2000,max_iter,5.871621713426891,,,,,,
C1_fourier_s47,C1,fourier,47,s_vector_pct,1.0,False,2000,2000,max_iter,5.871621713426891,,,,,,
C1_independent_gaussian_s47,C1,independent_gaussian,47,u_vector_pct,5.0,True,2000,2000,max_iter,0.24903570472735995,150,4.077460300002713,6.07043550000526,6.4260381999920355,2.9867805999092525,4.585160799921141
C1_independent_gaussian_s47,C1,independent_gaussian,47,u_vector_pct,2.0,True,2000,2000,max_iter,0.24903570472735995,350,12.419930899995961,14.622367699994356,15.03825670000515,9.853261499956716,11.68441069999244
C1_independent_gaussian_s47,C1,independent_gaussian,47,u_vector_pct,1.0,True,2000,2000,max_iter,0.24903570472735995,550,20.87129599999753,22.996431199993822,23.36605719999352,16.800322500042967,18.532381100041675
C1_independent_gaussian_s47,C1,independent_gaussian,47,s_vector_pct,5.0,True,2000,2000,max_iter,2.9849215649408185,1100,42.49342389999947,44.61130799999228,44.97425899999507,34.42161849999684,36.16707970002608
C1_independent_gaussian_s47,C1,independent_gaussian,47,s_vector_pct,2.0,False,2000,2000,max_iter,2.9849215649408185,,,,,,
C1_independent_gaussian_s47,C1,independent_gaussian,47,s_vector_pct,1.0,False,2000,2000,max_iter,2.9849215649408185,,,,,,
C8_fourier_s46,C8,fourier,46,u_vector_pct,5.0,True,2000,2000,max_iter,0.08592388239146953,100,2.0193156999885105,4.048314199986635,4.370569099992281,1.369662299985066,3.0606241999630583
C8_fourier_s46,C8,fourier,46,u_vector_pct,2.0,True,2000,2000,max_iter,0.08592388239146953,250,8.227595299991663,10.311043199995765,10.647033099987311,6.5520712999859825,8.304126500006532
C8_fourier_s46,C8,fourier,46,u_vector_pct,1.0,True,2000,2000,max_iter,0.08592388239146953,250,8.227595299991663,10.311043199995765,10.647033099987311,6.5520712999859825,8.304126500006532
C8_fourier_s46,C8,fourier,46,s_vector_pct,5.0,True,2000,2000,max_iter,0.34372635176016886,200,6.201846799987834,8.227595299991663,8.55729149999388,4.882681899995077,6.5520712999859825
C8_fourier_s46,C8,fourier,46,s_vector_pct,2.0,True,2000,2000,max_iter,0.34372635176016886,400,14.309204099990893,16.5166470999975,16.917613300000085,11.641783600076451,13.515459500078578
C8_fourier_s46,C8,fourier,46,s_vector_pct,1.0,True,2000,2000,max_iter,0.34372635176016886,600,23.515472899991437,25.774320899989107,26.136143199997605,19.244346000123187,21.089888500151574
C8_vanilla_s43,C8,vanilla,43,u_vector_pct,5.0,True,2000,2000,max_iter,1.862603926290697,850,31.86974110000301,33.923068000003695,34.258620000007795,26.01020109989622,27.705246599885868
C8_vanilla_s43,C8,vanilla,43,u_vector_pct,2.0,True,2000,2000,max_iter,1.862603926290697,1400,53.62410280000768,55.45789340000192,55.78222819999792,44.02983309989213,45.513025899854256
C8_vanilla_s43,C8,vanilla,43,u_vector_pct,1.0,False,2000,2000,max_iter,1.862603926290697,,,,,,
C8_vanilla_s43,C8,vanilla,43,s_vector_pct,5.0,False,2000,2000,max_iter,6.990133119247679,,,,,,
C8_vanilla_s43,C8,vanilla,43,s_vector_pct,2.0,False,2000,2000,max_iter,6.990133119247679,,,,,,
C8_vanilla_s43,C8,vanilla,43,s_vector_pct,1.0,False,2000,2000,max_iter,6.990133119247679,,,,,,
C4_vanilla_s42,C4,vanilla,42,u_vector_pct,5.0,True,2000,2000,max_iter,1.1665982790715586,1100,41.19411689999106,43.29523109999718,43.68839409999782,33.67706119983632,35.35603349986195
C4_vanilla_s42,C4,vanilla,42,u_vector_pct,2.0,True,2000,2000,max_iter,1.1665982790715586,1350,51.17805760000192,53.149716499989154,53.487394299998414,41.84188879982685,43.484910199884325
C4_vanilla_s42,C4,vanilla,42,u_vector_pct,1.0,False,2000,2000,max_iter,1.1665982790715586,,,,,,
C4_vanilla_s42,C4,vanilla,42,s_vector_pct,5.0,False,2000,2000,max_iter,7.247361984700644,,,,,,
C4_vanilla_s42,C4,vanilla,42,s_vector_pct,2.0,False,2000,2000,max_iter,7.247361984700644,,,,,,
C4_vanilla_s42,C4,vanilla,42,s_vector_pct,1.0,False,2000,2000,max_iter,7.247361984700644,,,,,,
C1_vanilla_matched_s44,C1,vanilla_matched,44,u_vector_pct,5.0,True,2000,2000,max_iter,2.297668540724013,1050,40.19885390000127,42.29022450000048,42.65664410000318,32.81203460005054,34.583543400032795
C1_vanilla_matched_s44,C1,vanilla_matched,44,u_vector_pct,2.0,False,2000,2000,max_iter,2.297668540724013,,,,,,
C1_vanilla_matched_s44,C1,vanilla_matched,44,u_vector_pct,1.0,False,2000,2000,max_iter,2.297668540724013,,,,,,
C1_vanilla_matched_s44,C1,vanilla_matched,44,s_vector_pct,5.0,False,2000,2000,max_iter,12.252761717664724,,,,,,
C1_vanilla_matched_s44,C1,vanilla_matched,44,s_vector_pct,2.0,False,2000,2000,max_iter,12.252761717664724,,,,,,
C1_vanilla_matched_s44,C1,vanilla_matched,44,s_vector_pct,1.0,False,2000,2000,max_iter,12.252761717664724,,,,,,
C8_fourier_half_s45,C8,fourier_half,45,u_vector_pct,5.0,True,2000,2000,max_iter,0.03449745306465123,100,2.305135499991593,4.389980799998739,4.756607699993765,1.545737500040559,3.245378699983121
C8_fourier_half_s45,C8,fourier_half,45,u_vector_pct,2.0,True,2000,2000,max_iter,0.03449745306465123,150,4.389980799998739,6.638830999989295,7.090598700000555,3.245378699983121,5.11997289993451
C8_fourier_half_s45,C8,fourier_half,45,u_vector_pct,1.0,True,2000,2000,max_iter,0.03449745306465123,150,4.389980799998739,6.638830999989295,7.090598700000555,3.245378699983121,5.11997289993451
C8_fourier_half_s45,C8,fourier_half,45,s_vector_pct,5.0,True,2000,2000,max_iter,0.2420452288740767,200,6.638830999989295,8.982377099993755,9.402623899994069,5.11997289993451,7.011051999972551
C8_fourier_half_s45,C8,fourier_half,45,s_vector_pct,2.0,True,2000,2000,max_iter,0.2420452288740767,350,13.418016899988288,15.53317289998813,15.862840499990853,10.691568299982464,12.455666899986682
C8_fourier_half_s45,C8,fourier_half,45,s_vector_pct,1.0,True,2000,2000,max_iter,0.2420452288740767,500,19.62666989999707,21.761909599998035,22.07836019998649,15.89879299995664,17.693686499944306
C8_fourier_s44,C8,fourier,44,u_vector_pct,5.0,True,2000,2000,max_iter,0.1401337700531661,100,2.3471508999937214,4.676285800000187,5.0726292000035755,1.5194240000419086,3.413591700096731
C8_fourier_s44,C8,fourier,44,u_vector_pct,2.0,True,2000,2000,max_iter,0.1401337700531661,250,9.24523099999351,11.498044299994945,11.863230599992676,7.162058500107378,9.019651800088468
C8_fourier_s44,C8,fourier,44,u_vector_pct,1.0,True,2000,2000,max_iter,0.1401337700531661,250,9.24523099999351,11.498044299994945,11.863230599992676,7.162058500107378,9.019651800088468
C8_fourier_s44,C8,fourier,44,s_vector_pct,5.0,True,2000,2000,max_iter,0.4620021086007984,250,9.24523099999351,11.498044299994945,11.863230599992676,7.162058500107378,9.019651800088468
C8_fourier_s44,C8,fourier,44,s_vector_pct,2.0,True,2000,2000,max_iter,0.4620021086007984,450,17.65358099999139,19.744529599993257,20.064137199995457,14.10528030002024,15.77974250006082
C8_fourier_s44,C8,fourier,44,s_vector_pct,1.0,True,2000,2000,max_iter,0.4620021086007984,800,32.41777990000264,34.59895780000079,34.951819299996714,26.31839910009876,28.100899200100685
C7_anchored_s44,C7,anchored,44,u_vector_pct,5.0,True,2000,2000,max_iter,0.6131326874681008,350,12.141364199997042,13.979856299993116,14.290927299996838,9.667708499924629,11.204947399892262
C7_anchored_s44,C7,anchored,44,u_vector_pct,2.0,True,2000,2000,max_iter,0.6131326874681008,800,29.316380599993863,31.098234699995373,31.416549899993697,23.955861299938988,25.432527099983417
C7_anchored_s44,C7,anchored,44,u_vector_pct,1.0,True,2000,2000,max_iter,0.6131326874681008,1350,50.28477610000118,52.37877899999148,52.773883499990916,41.18362510004954,42.939648500061594
C7_anchored_s44,C7,anchored,44,s_vector_pct,5.0,True,2000,2000,max_iter,3.449101007071259,1300,48.50406939999084,50.28477610000118,50.62028129999817,39.738919199982774,41.18362510004954
C7_anchored_s44,C7,anchored,44,s_vector_pct,2.0,False,2000,2000,max_iter,3.449101007071259,,,,,,
C7_anchored_s44,C7,anchored,44,s_vector_pct,1.0,False,2000,2000,max_iter,3.449101007071259,,,,,,
C8_vanilla_s41,C8,vanilla,41,u_vector_pct,5.0,True,2000,2000,max_iter,0.9321494508279893,700,25.379638200000045,27.4325331,27.818102099990938,20.625357100492693,22.30949080044229
C8_vanilla_s41,C8,vanilla,41,u_vector_pct,2.0,True,2000,2000,max_iter,0.9321494508279893,1100,42.028201299996,43.99753839999903,44.39849539998977,34.47286060055194,36.106058800563915
C8_vanilla_s41,C8,vanilla,41,u_vector_pct,1.0,True,2000,2000,max_iter,0.9321494508279893,1900,74.8513302999927,76.83526680000068,77.17857839999488,61.711528900341364,63.354414800400264
C8_vanilla_s41,C8,vanilla,41,s_vector_pct,5.0,False,2000,2000,max_iter,5.1807072827753355,,,,,,
C8_vanilla_s41,C8,vanilla,41,s_vector_pct,2.0,False,2000,2000,max_iter,5.1807072827753355,,,,,,
C8_vanilla_s41,C8,vanilla,41,s_vector_pct,1.0,False,2000,2000,max_iter,5.1807072827753355,,,,,,
C1_xpinn_s47,C1,xpinn,47,u_vector_pct,5.0,True,2000,2000,max_iter,3.6861391226295876,1200,89.08732159998908,92.4703981999919,93.07270069999504,74.97118320004665,77.88682910009811
C1_xpinn_s47,C1,xpinn,47,u_vector_pct,2.0,False,2000,2000,max_iter,3.6861391226295876,,,,,,
C1_xpinn_s47,C1,xpinn,47,u_vector_pct,1.0,False,2000,2000,max_iter,3.6861391226295876,,,,,,
C1_xpinn_s47,C1,xpinn,47,s_vector_pct,5.0,False,2000,2000,max_iter,26.417536215939897,,,,,,
C1_xpinn_s47,C1,xpinn,47,s_vector_pct,2.0,False,2000,2000,max_iter,26.417536215939897,,,,,,
C1_xpinn_s47,C1,xpinn,47,s_vector_pct,1.0,False,2000,2000,max_iter,26.417536215939897,,,,,,
C4_dem_s43,C4,dem,43,u_vector_pct,5.0,True,1000,1000,max_iter,1.345553976950694,200,7.395309200001066,9.911438000010094,10.636121000003186,4.44806650011742,6.202135400133557
C4_dem_s43,C4,dem,43,u_vector_pct,2.0,True,1000,1000,max_iter,1.345553976950694,250,9.911438000010094,12.286164700009977,13.05045880000398,6.202135400133557,7.85024820016406
C4_dem_s43,C4,dem,43,u_vector_pct,1.0,True,1000,1000,max_iter,1.345553976950694,350,14.668932000000495,17.214249700002256,17.948565900005633,9.468141700170236,11.274980200149002
C4_dem_s43,C4,dem,43,s_vector_pct,5.0,False,1000,1000,max_iter,8.829032251946025,,,,,,
C4_dem_s43,C4,dem,43,s_vector_pct,2.0,False,1000,1000,max_iter,8.829032251946025,,,,,,
C4_dem_s43,C4,dem,43,s_vector_pct,1.0,False,1000,1000,max_iter,8.829032251946025,,,,,,
C8_dem_s44,C8,dem,44,u_vector_pct,5.0,True,1000,1000,max_iter,0.9426316255208209,200,7.584131299998262,9.986369200007175,10.741210899999714,4.648153400004958,6.261620099976426
C8_dem_s44,C8,dem,44,u_vector_pct,2.0,True,1000,1000,max_iter,0.9426316255208209,250,9.986369200007175,12.302519699995173,13.030034600000363,6.261620099976426,7.820878899932723
C8_dem_s44,C8,dem,44,u_vector_pct,1.0,True,1000,1000,max_iter,0.9426316255208209,400,16.944547899998724,19.4049565000023,20.117585100000724,10.981148299906636,12.693925199913792
C8_dem_s44,C8,dem,44,s_vector_pct,5.0,False,1000,1000,max_iter,7.367450502949664,,,,,,
C8_dem_s44,C8,dem,44,s_vector_pct,2.0,False,1000,1000,max_iter,7.367450502949664,,,,,,
C8_dem_s44,C8,dem,44,s_vector_pct,1.0,False,1000,1000,max_iter,7.367450502949664,,,,,,
C8_anchored_s47,C8,anchored,47,u_vector_pct,5.0,True,2000,2000,max_iter,0.1277169034925328,150,3.7827275000017835,5.715405900002224,6.024121099995682,2.790169700034312,4.368988500005798
C8_anchored_s47,C8,anchored,47,u_vector_pct,2.0,True,2000,2000,max_iter,0.1277169034925328,350,11.894633899995824,13.973829299997305,14.288049700000556,9.458119200004148,11.1091066999943
C8_anchored_s47,C8,anchored,47,u_vector_pct,1.0,True,2000,2000,max_iter,0.1277169034925328,450,15.776733399994555,17.72772700000496,18.025234400003683,12.597264300027746,14.191396399997757
C8_anchored_s47,C8,anchored,47,s_vector_pct,5.0,True,2000,2000,max_iter,0.7761715407726827,450,15.776733399994555,17.72772700000496,18.025234400003683,12.597264300027746,14.191396399997757
C8_anchored_s47,C8,anchored,47,s_vector_pct,2.0,True,2000,2000,max_iter,0.7761715407726827,850,31.97524230000272,33.89754119999998,34.1963681000052,25.94608860014705,27.520515800104477
C8_anchored_s47,C8,anchored,47,s_vector_pct,1.0,True,2000,2000,max_iter,0.7761715407726827,1650,63.198302200005855,65.10473390000698,65.40793590000249,51.755170599906705,53.34679559993674
C1_fourier_s42,C1,fourier,42,u_vector_pct,5.0,True,2000,2000,max_iter,1.2133802501043112,200,6.219853499991586,8.53543119999813,8.927591100000427,4.771161800061236,6.701448500069091
C1_fourier_s42,C1,fourier,42,u_vector_pct,2.0,True,2000,2000,max_iter,1.2133802501043112,250,8.53543119999813,10.666106999997282,11.057050399991567,6.701448500069091,8.436776000016835
C1_fourier_s42,C1,fourier,42,u_vector_pct,1.0,False,2000,2000,max_iter,1.2133802501043112,,,,,,
C1_fourier_s42,C1,fourier,42,s_vector_pct,5.0,False,2000,2000,max_iter,6.0477876231225975,,,,,,
C1_fourier_s42,C1,fourier,42,s_vector_pct,2.0,False,2000,2000,max_iter,6.0477876231225975,,,,,,
C1_fourier_s42,C1,fourier,42,s_vector_pct,1.0,False,2000,2000,max_iter,6.0477876231225975,,,,,,
C2_fourier_s42,C2,fourier,42,u_vector_pct,5.0,True,2000,2000,max_iter,0.7642565752873507,100,2.040814000007231,4.134898000003886,4.494847699999809,1.3636350000742823,3.1088728001050185
C2_fourier_s42,C2,fourier,42,u_vector_pct,2.0,True,2000,2000,max_iter,0.7642565752873507,150,4.134898000003886,6.215645600008429,6.583008600005996,3.1088728001050185,4.828187400125898
C2_fourier_s42,C2,fourier,42,u_vector_pct,1.0,True,2000,2000,max_iter,0.7642565752873507,850,34.320814699996845,36.591690500004916,36.98314100000425,28.116117400233634,29.976253200191422
C2_fourier_s42,C2,fourier,42,s_vector_pct,5.0,True,2000,2000,max_iter,3.0836314314466136,750,30.1032353000046,32.18086200000835,32.55079700000351,24.633994100193377,26.34660950025136
C2_fourier_s42,C2,fourier,42,s_vector_pct,2.0,False,2000,2000,max_iter,3.0836314314466136,,,,,,
C2_fourier_s42,C2,fourier,42,s_vector_pct,1.0,False,2000,2000,max_iter,3.0836314314466136,,,,,,
C8_xpinn_s44,C8,xpinn,44,u_vector_pct,5.0,True,2000,2000,max_iter,5.093646725675189,1400,111.20703669999784,115.58832450000045,116.23335850000149,94.17552209972928,97.95819499969366
C8_xpinn_s44,C8,xpinn,44,u_vector_pct,2.0,False,2000,2000,max_iter,5.093646725675189,,,,,,
C8_xpinn_s44,C8,xpinn,44,u_vector_pct,1.0,False,2000,2000,max_iter,5.093646725675189,,,,,,
C8_xpinn_s44,C8,xpinn,44,s_vector_pct,5.0,False,2000,2000,max_iter,18.989039585296187,,,,,,
C8_xpinn_s44,C8,xpinn,44,s_vector_pct,2.0,False,2000,2000,max_iter,18.989039585296187,,,,,,
C8_xpinn_s44,C8,xpinn,44,s_vector_pct,1.0,False,2000,2000,max_iter,18.989039585296187,,,,,,
C3_xpinn_s44,C3,xpinn,44,u_vector_pct,5.0,True,2000,2000,max_iter,3.785694897629431,1350,101.3036310999887,105.62856669999019,106.25508009998885,85.5061785998405,89.18516429979354
C3_xpinn_s44,C3,xpinn,44,u_vector_pct,2.0,False,2000,2000,max_iter,3.785694897629431,,,,,,
C3_xpinn_s44,C3,xpinn,44,u_vector_pct,1.0,False,2000,2000,max_iter,3.785694897629431,,,,,,
C3_xpinn_s44,C3,xpinn,44,s_vector_pct,5.0,False,2000,2000,max_iter,20.139556624441184,,,,,,
C3_xpinn_s44,C3,xpinn,44,s_vector_pct,2.0,False,2000,2000,max_iter,20.139556624441184,,,,,,
C3_xpinn_s44,C3,xpinn,44,s_vector_pct,1.0,False,2000,2000,max_iter,20.139556624441184,,,,,,
C1_fourier_half_s44,C1,fourier_half,44,u_vector_pct,5.0,True,2000,2000,max_iter,0.18007592349379756,100,2.2974318000051426,4.515191900005448,4.891247799998382,1.4378161000349792,3.2661719000316225
C1_fourier_half_s44,C1,fourier_half,44,u_vector_pct,2.0,True,2000,2000,max_iter,0.18007592349379756,250,9.004302800007281,11.315944300004048,11.666366799996467,7.029381800050032,8.998559200015734
C1_fourier_half_s44,C1,fourier_half,44,u_vector_pct,1.0,True,2000,2000,max_iter,0.18007592349379756,400,15.642110300002969,17.644267199997557,18.002688299995498,12.590901300034602,14.199606800044421
C1_fourier_half_s44,C1,fourier_half,44,s_vector_pct,5.0,True,2000,2000,max_iter,2.1481321081967875,700,27.922836600002483,30.05358459999843,30.400029800002812,22.63737339990621,24.400839799825917
C1_fourier_half_s44,C1,fourier_half,44,s_vector_pct,2.0,False,2000,2000,max_iter,2.1481321081967875,,,,,,
C1_fourier_half_s44,C1,fourier_half,44,s_vector_pct,1.0,False,2000,2000,max_iter,2.1481321081967875,,,,,,
C7_anchored_s42,C7,anchored,42,u_vector_pct,5.0,True,2000,2000,max_iter,0.4218868131389979,450,15.724359300002106,17.669121899991296,18.02370219999284,12.699352400173666,14.317792300134897
C7_anchored_s42,C7,anchored,42,u_vector_pct,2.0,True,2000,2000,max_iter,0.4218868131389979,750,27.27672049999819,29.113039799995022,29.48241379999672,22.134601600075257,23.614624000052572
C7_anchored_s42,C7,anchored,42,u_vector_pct,1.0,True,2000,2000,max_iter,0.4218868131389979,1150,42.77021930000046,44.79830480000237,45.19863070000429,34.738789599970914,36.37861509998038
C7_anchored_s42,C7,anchored,42,s_vector_pct,5.0,True,2000,2000,max_iter,4.088646211040031,1500,56.484137499995995,58.46587420000287,58.79224159999285,45.91035640012706,47.5486230001261
C7_anchored_s42,C7,anchored,42,s_vector_pct,2.0,False,2000,2000,max_iter,4.088646211040031,,,,,,
C7_anchored_s42,C7,anchored,42,s_vector_pct,1.0,False,2000,2000,max_iter,4.088646211040031,,,,,,
C8_independent_marginal_s41,C8,independent_marginal,41,u_vector_pct,5.0,True,2000,2000,max_iter,0.08042591391290778,150,4.0464056999917375,5.955830999999307,6.287569299995084,2.8986142999638105,4.417807299934793
C8_independent_marginal_s41,C8,independent_marginal,41,u_vector_pct,2.0,True,2000,2000,max_iter,0.08042591391290778,250,7.904254499997478,9.862125200001174,10.185640900002909,6.033886899924255,7.687067499908153
C8_independent_marginal_s41,C8,independent_marginal,41,u_vector_pct,1.0,True,2000,2000,max_iter,0.08042591391290778,300,9.862125200001174,11.762669299991103,12.066922400001204,7.687067499908153,9.26356319990009
C8_independent_marginal_s41,C8,independent_marginal,41,s_vector_pct,5.0,True,2000,2000,max_iter,0.6990944688680333,400,13.747833699992043,15.760754999995697,16.11581339999975,10.94270579982549,12.589259699903778
C8_independent_marginal_s41,C8,independent_marginal,41,s_vector_pct,2.0,True,2000,2000,max_iter,0.6990944688680333,700,25.822735800000373,27.9679688999895,28.3748762000032,20.842811699796584,22.59135929986951
C8_independent_marginal_s41,C8,independent_marginal,41,s_vector_pct,1.0,True,2000,2000,max_iter,0.6990944688680333,1450,55.42256089999864,57.450485900000785,57.832564600001206,45.081063199890195,46.74052989989286
C3_dem_s45,C3,dem,45,u_vector_pct,5.0,True,1000,1000,max_iter,0.8525238300489847,150,5.279378400009591,7.532124100005603,8.236072300001979,3.0351426000561332,4.571972600038862
C3_dem_s45,C3,dem,45,u_vector_pct,2.0,True,1000,1000,max_iter,0.8525238300489847,200,7.532124100005603,9.936508300001151,10.652853400009917,4.571972600038862,6.27172160007467
C3_dem_s45,C3,dem,45,u_vector_pct,1.0,True,1000,1000,max_iter,0.8525238300489847,350,14.554709400006686,16.74533689999953,17.442699999999604,9.471467900002608,10.947020699968562
C3_dem_s45,C3,dem,45,s_vector_pct,5.0,False,1000,1000,max_iter,7.216253230619401,,,,,,
C3_dem_s45,C3,dem,45,s_vector_pct,2.0,False,1000,1000,max_iter,7.216253230619401,,,,,,
C3_dem_s45,C3,dem,45,s_vector_pct,1.0,False,1000,1000,max_iter,7.216253230619401,,,,,,
C5_fourier_s45,C5,fourier,45,u_vector_pct,5.0,True,2000,2000,max_iter,0.19093505221274346,100,2.3267217999964487,4.627375099997153,4.995762999998988,1.57491750002373,3.4902900000161026
C5_fourier_s45,C5,fourier,45,u_vector_pct,2.0,True,2000,2000,max_iter,0.19093505221274346,200,6.8691550999938045,9.058192900003633,9.395267700005206,5.361952400067821,7.184621200110996
C5_fourier_s45,C5,fourier,45,u_vector_pct,1.0,True,2000,2000,max_iter,0.19093505221274346,250,9.058192900003633,11.224923999994644,11.597734399998444,7.184621200110996,9.011397900103475
C5_fourier_s45,C5,fourier,45,s_vector_pct,5.0,True,2000,2000,max_iter,0.6155971753570695,250,9.058192900003633,11.224923999994644,11.597734399998444,7.184621200110996,9.011397900103475
C5_fourier_s45,C5,fourier,45,s_vector_pct,2.0,True,2000,2000,max_iter,0.6155971753570695,500,20.369588799992925,22.58419569999387,22.928082400001585,16.65632440004265,18.444730500050355
C5_fourier_s45,C5,fourier,45,s_vector_pct,1.0,True,2000,2000,max_iter,0.6155971753570695,1000,42.320429300001706,44.54188269999577,44.86660589999519,34.94735739995667,36.77668389993778
C1_fourier_s44,C1,fourier,44,u_vector_pct,5.0,True,2000,2000,max_iter,0.7644719563470721,200,6.353864100005012,8.36066390000633,8.729633400012972,4.887048400050844,6.577230300055817
C1_fourier_s44,C1,fourier,44,u_vector_pct,2.0,True,2000,2000,max_iter,0.7644719563470721,300,10.381235500011826,12.39000150001084,12.725959500006866,8.227431500097737,9.927629500089097
C1_fourier_s44,C1,fourier,44,u_vector_pct,1.0,True,2000,2000,max_iter,0.7644719563470721,500,18.398388800007524,20.37680490000639,20.705477499999688,14.947056900098687,16.61194090011122
C1_fourier_s44,C1,fourier,44,s_vector_pct,5.0,False,2000,2000,max_iter,5.270406821652283,,,,,,
C1_fourier_s44,C1,fourier,44,s_vector_pct,2.0,False,2000,2000,max_iter,5.270406821652283,,,,,,
C1_fourier_s44,C1,fourier,44,s_vector_pct,1.0,False,2000,2000,max_iter,5.270406821652283,,,,,,
C8_fourier_double_s45,C8,fourier_double,45,u_vector_pct,5.0,True,2000,2000,max_iter,3.0349929198509837,850,33.32518980000168,35.34276850000606,35.68673700001091,27.252918899903307,28.882824399886886
C8_fourier_double_s45,C8,fourier_double,45,u_vector_pct,2.0,False,2000,2000,max_iter,3.0349929198509837,,,,,,
C8_fourier_double_s45,C8,fourier_double,45,u_vector_pct,1.0,False,2000,2000,max_iter,3.0349929198509837,,,,,,
C8_fourier_double_s45,C8,fourier_double,45,s_vector_pct,5.0,False,2000,2000,max_iter,5.081483840771114,,,,,,
C8_fourier_double_s45,C8,fourier_double,45,s_vector_pct,2.0,False,2000,2000,max_iter,5.081483840771114,,,,,,
C8_fourier_double_s45,C8,fourier_double,45,s_vector_pct,1.0,False,2000,2000,max_iter,5.081483840771114,,,,,,
C8_independent_marginal_s45,C8,independent_marginal,45,u_vector_pct,5.0,True,2000,2000,max_iter,0.09132918533819509,150,4.072393399997964,6.085551800002577,6.467942800009041,2.9131589000171516,4.525226199970348
C8_independent_marginal_s45,C8,independent_marginal,45,u_vector_pct,2.0,True,2000,2000,max_iter,0.09132918533819509,250,8.179513399998541,10.237229699996533,10.571082399997977,6.236156799990567,7.9539033999462845
C8_independent_marginal_s45,C8,independent_marginal,45,u_vector_pct,1.0,True,2000,2000,max_iter,0.09132918533819509,300,10.237229699996533,12.240751300007105,12.627696700001252,7.9539033999462845,9.622966599912615
C8_independent_marginal_s45,C8,independent_marginal,45,s_vector_pct,5.0,True,2000,2000,max_iter,0.5257716544673975,350,12.240751300007105,14.373062200000277,14.736970199999632,9.622966599912615,11.366540199916926
C8_independent_marginal_s45,C8,independent_marginal,45,s_vector_pct,2.0,True,2000,2000,max_iter,0.5257716544673975,700,26.305383099999744,28.375293300006888,28.729973100009374,21.274697899876628,22.954611399880378
C8_independent_marginal_s45,C8,independent_marginal,45,s_vector_pct,1.0,True,2000,2000,max_iter,0.5257716544673975,1150,45.32774120000249,47.29998350000824,47.61362020000524,36.890089999724296,38.542236299748765
C2_dem_s45,C2,dem,45,u_vector_pct,5.0,True,1000,1000,max_iter,0.7502735666441688,200,7.4067508000007365,9.761977599991951,10.522767399990698,4.524422000002232,6.096205500027281
C2_dem_s45,C2,dem,45,u_vector_pct,2.0,True,1000,1000,max_iter,0.7502735666441688,250,9.761977599991951,12.056015699999989,12.81023180000193,6.096205500027281,7.628039900038857
C2_dem_s45,C2,dem,45,u_vector_pct,1.0,True,1000,1000,max_iter,0.7502735666441688,500,21.572552899990114,23.941368799991324,24.70497819999582,14.152592299928074,15.807758299983107
C2_dem_s45,C2,dem,45,s_vector_pct,5.0,False,1000,1000,max_iter,9.987239044917077,,,,,,
C2_dem_s45,C2,dem,45,s_vector_pct,2.0,False,1000,1000,max_iter,9.987239044917077,,,,,,
C2_dem_s45,C2,dem,45,s_vector_pct,1.0,False,1000,1000,max_iter,9.987239044917077,,,,,,
C6_vanilla_s41,C6,vanilla,41,u_vector_pct,5.0,True,2000,2000,max_iter,3.1985360820926987,1300,48.64484779999475,50.90059609999298,51.24845519999508,39.91429700005392,41.79106940006022
C6_vanilla_s41,C6,vanilla,41,u_vector_pct,2.0,False,2000,2000,max_iter,3.1985360820926987,,,,,,
C6_vanilla_s41,C6,vanilla,41,u_vector_pct,1.0,False,2000,2000,max_iter,3.1985360820926987,,,,,,
C6_vanilla_s41,C6,vanilla,41,s_vector_pct,5.0,False,2000,2000,max_iter,9.934116266605832,,,,,,
C6_vanilla_s41,C6,vanilla,41,s_vector_pct,2.0,False,2000,2000,max_iter,9.934116266605832,,,,,,
C6_vanilla_s41,C6,vanilla,41,s_vector_pct,1.0,False,2000,2000,max_iter,9.934116266605832,,,,,,
T1_vanilla_matched_s44,T1,vanilla_matched,44,u_vector_pct,5.0,True,10000,10000,max_iter,1.3290255977681427,2700,120.87117519999447,123.17626770000788,123.94857870000124,78.48330570028338,80.01086450037837
T1_vanilla_matched_s44,T1,vanilla_matched,44,u_vector_pct,2.0,True,10000,10000,max_iter,1.3290255977681427,4850,218.9711077999964,221.20302050000464,222.02992860000813,142.0078666001209,143.42264880008588
T1_vanilla_matched_s44,T1,vanilla_matched,44,u_vector_pct,1.0,True,10000,10000,max_iter,1.3290255977681427,7400,335.723055800001,338.14116519999516,339.02531690000615,216.78889679993154,218.33804149994103
T1_vanilla_matched_s44,T1,vanilla_matched,44,s_vector_pct,5.0,True,10000,10000,max_iter,2.7176829361868644,5150,232.67656989999523,234.95097109999915,235.7889937,150.80158150015632,152.2572351001727
T1_vanilla_matched_s44,T1,vanilla_matched,44,s_vector_pct,2.0,False,10000,10000,max_iter,2.7176829361868644,,,,,,
T1_vanilla_matched_s44,T1,vanilla_matched,44,s_vector_pct,1.0,False,10000,10000,max_iter,2.7176829361868644,,,,,,
C1_dem_s41,C1,dem,41,u_vector_pct,5.0,True,1000,1000,max_iter,0.9084810978294076,150,5.071971800003666,7.56423519999953,8.322342699990259,2.857327499994426,4.584397600003285
C1_dem_s41,C1,dem,41,u_vector_pct,2.0,True,1000,1000,max_iter,0.9084810978294076,250,9.894513899998856,12.412532999995165,13.147306600003503,6.155832600037684,7.920432200029609
C1_dem_s41,C1,dem,41,u_vector_pct,1.0,True,1000,1000,max_iter,0.9084810978294076,850,39.26092549999885,41.320322400002624,42.03769070000271,26.5225427999394,27.886948399900575
C1_dem_s41,C1,dem,41,s_vector_pct,5.0,False,1000,1000,max_iter,6.812744512705668,,,,,,
C1_dem_s41,C1,dem,41,s_vector_pct,2.0,False,1000,1000,max_iter,6.812744512705668,,,,,,
C1_dem_s41,C1,dem,41,s_vector_pct,1.0,False,1000,1000,max_iter,6.812744512705668,,,,,,
C4_anchored_s45,C4,anchored,45,u_vector_pct,5.0,True,2000,2000,max_iter,0.19300564799807846,200,6.421876599997631,8.572775399996317,8.922360299999127,4.895727800088935,6.677563600154826
C4_anchored_s45,C4,anchored,45,u_vector_pct,2.0,True,2000,2000,max_iter,0.19300564799807846,250,8.572775399996317,10.692784400001983,11.057241100003012,6.677563600154826,8.446577100170543
C4_anchored_s45,C4,anchored,45,u_vector_pct,1.0,True,2000,2000,max_iter,0.19300564799807846,400,14.99143510000431,16.93461009999737,17.35846460000903,12.001895700217574,13.552089000295382
C4_anchored_s45,C4,anchored,45,s_vector_pct,5.0,True,2000,2000,max_iter,0.8759184965741542,450,16.93461009999737,18.887907900003484,19.252596799997264,13.552089000295382,15.078943200307549
C4_anchored_s45,C4,anchored,45,s_vector_pct,2.0,True,2000,2000,max_iter,0.8759184965741542,900,34.99814630000037,36.962227500000154,37.32287950000318,28.41331310052192,30.063178600554238
C4_anchored_s45,C4,anchored,45,s_vector_pct,1.0,True,2000,2000,max_iter,0.8759184965741542,1750,69.39487980000558,71.39358289999655,71.69895520000136,56.89196620055009,58.48123610051698
C8_independent_gaussian_s46,C8,independent_gaussian,46,u_vector_pct,5.0,True,2000,2000,max_iter,0.09478173315985243,150,3.9457933999947272,6.071594199995161,6.4677905999997165,2.8286823000526056,4.636059200100135
C8_independent_gaussian_s46,C8,independent_gaussian,46,u_vector_pct,2.0,True,2000,2000,max_iter,0.09478173315985243,350,11.829201099986676,13.767912299997988,14.107429699986824,9.314350400149124,10.91654470017238
C8_independent_gaussian_s46,C8,independent_gaussian,46,u_vector_pct,1.0,True,2000,2000,max_iter,0.09478173315985243,450,15.950784799992107,18.0876164999936,18.408038299996406,12.75898210016021,14.498932500137016
C8_independent_gaussian_s46,C8,independent_gaussian,46,s_vector_pct,5.0,True,2000,2000,max_iter,0.6242837361340521,400,13.767912299997988,15.950784799992107,16.34517679999408,10.91654470017238,12.75898210016021
C8_independent_gaussian_s46,C8,independent_gaussian,46,s_vector_pct,2.0,True,2000,2000,max_iter,0.6242837361340521,700,25.873417799986782,27.996058699995046,28.378336099995067,20.911901100116665,22.644097600059467
C8_independent_gaussian_s46,C8,independent_gaussian,46,s_vector_pct,1.0,True,2000,2000,max_iter,0.6242837361340521,1350,52.86095759998716,54.92750469999737,55.28562179999426,43.22000120035955,44.897076400360675
C8_fourier_half_s42,C8,fourier_half,42,u_vector_pct,5.0,True,2000,2000,max_iter,0.08104076127006529,100,2.2213182999985293,4.375038300000597,4.716846000010264,1.493490099965129,3.2567107998620486
C8_fourier_half_s42,C8,fourier_half,42,u_vector_pct,2.0,True,2000,2000,max_iter,0.08104076127006529,150,4.375038300000597,6.417909499999951,6.76561760000186,3.2567107998620486,4.948226299937232
C8_fourier_half_s42,C8,fourier_half,42,u_vector_pct,1.0,True,2000,2000,max_iter,0.08104076127006529,150,4.375038300000597,6.417909499999951,6.76561760000186,3.2567107998620486,4.948226299937232
C8_fourier_half_s42,C8,fourier_half,42,s_vector_pct,5.0,True,2000,2000,max_iter,0.29185359524437077,200,6.417909499999951,8.605508900000132,8.947044800006552,4.948226299937232,6.787558099909802
C8_fourier_half_s42,C8,fourier_half,42,s_vector_pct,2.0,True,2000,2000,max_iter,0.29185359524437077,350,12.749154899996938,14.805110300003435,15.145593799999915,10.247233699963544,11.968619900013437
C8_fourier_half_s42,C8,fourier_half,42,s_vector_pct,1.0,True,2000,2000,max_iter,0.29185359524437077,600,23.987025299997185,26.248018400001456,26.64356989999942,19.624364400209743,21.50107100016612
C5_anchored_s42,C5,anchored,42,u_vector_pct,5.0,True,2000,2000,max_iter,0.11892929130407852,150,3.755889700012631,5.6997384000133025,6.014632600010373,2.762550600018585,4.384099200062337
C5_anchored_s42,C5,anchored,42,u_vector_pct,2.0,True,2000,2000,max_iter,0.11892929130407852,350,11.862869500007946,13.766097400002764,14.075306600003387,9.554833100017277,11.12717290004366
C5_anchored_s42,C5,anchored,42,u_vector_pct,1.0,True,2000,2000,max_iter,0.11892929130407852,500,17.73809130000882,19.638336300005903,19.97328460001154,14.416268399974797,15.996384499987471
C5_anchored_s42,C5,anchored,42,s_vector_pct,5.0,True,2000,2000,max_iter,1.0124035846214117,500,17.73809130000882,19.638336300005903,19.97328460001154,14.416268399974797,15.996384499987471
C5_anchored_s42,C5,anchored,42,s_vector_pct,2.0,True,2000,2000,max_iter,1.0124035846214117,1100,41.50435480001033,43.43328740001016,43.775125000000116,34.09065989989904,35.69718429980276
C5_anchored_s42,C5,anchored,42,s_vector_pct,1.0,False,2000,2000,max_iter,1.0124035846214117,,,,,,
C1_independent_marginal_s42,C1,independent_marginal,42,u_vector_pct,5.0,True,2000,2000,max_iter,0.2472918681761586,150,3.889033700004802,5.912187399997492,6.300846600002842,2.789493799995398,4.440124499989906
C1_independent_marginal_s42,C1,independent_marginal,42,u_vector_pct,2.0,True,2000,2000,max_iter,0.2472918681761586,300,10.057951900002081,11.89368249999825,12.245148000001791,7.826942999905441,9.351682899869047
C1_independent_marginal_s42,C1,independent_marginal,42,u_vector_pct,1.0,True,2000,2000,max_iter,0.2472918681761586,400,13.919925200010766,15.873970500004361,16.218874099999084,11.024995499901706,12.68803289985226
C1_independent_marginal_s42,C1,independent_marginal,42,s_vector_pct,5.0,True,2000,2000,max_iter,3.425488198120089,1250,48.84050420000858,50.840696500003105,51.250514800005476,39.756552400038345,41.38786180004536
C1_independent_marginal_s42,C1,independent_marginal,42,s_vector_pct,2.0,False,2000,2000,max_iter,3.425488198120089,,,,,,
C1_independent_marginal_s42,C1,independent_marginal,42,s_vector_pct,1.0,False,2000,2000,max_iter,3.425488198120089,,,,,,
C6_dem_s41,C6,dem,41,u_vector_pct,5.0,True,1000,1000,max_iter,1.7346098005215247,350,14.728143900007126,17.015192600010778,17.743086900009075,9.576594499972998,11.106035400007386
C6_dem_s41,C6,dem,41,u_vector_pct,2.0,True,1000,1000,max_iter,1.7346098005215247,900,40.12603470000613,42.52486970000609,43.23311650000687,27.021312300101272,28.64553740010888
C6_dem_s41,C6,dem,41,u_vector_pct,1.0,False,1000,1000,max_iter,1.7346098005215247,,,,,,
C6_dem_s41,C6,dem,41,s_vector_pct,5.0,False,1000,1000,max_iter,6.5517454348675415,,,,,,
C6_dem_s41,C6,dem,41,s_vector_pct,2.0,False,1000,1000,max_iter,6.5517454348675415,,,,,,
C6_dem_s41,C6,dem,41,s_vector_pct,1.0,False,1000,1000,max_iter,6.5517454348675415,,,,,,
C7_dem_s41,C7,dem,41,u_vector_pct,5.0,True,1000,1000,max_iter,1.9421903696804752,250,9.612510100007057,11.923222700002952,12.690519200012204,5.996741800030577,7.565843200034578
C7_dem_s41,C7,dem,41,u_vector_pct,2.0,True,1000,1000,max_iter,1.9421903696804752,650,27.117542899999535,29.59041660001094,30.31932810001308,17.640954700051225,19.342217200013692
C7_dem_s41,C7,dem,41,u_vector_pct,1.0,False,1000,1000,max_iter,1.9421903696804752,,,,,,
C7_dem_s41,C7,dem,41,s_vector_pct,5.0,False,1000,1000,max_iter,7.3224276341694425,,,,,,
C7_dem_s41,C7,dem,41,s_vector_pct,2.0,False,1000,1000,max_iter,7.3224276341694425,,,,,,
C7_dem_s41,C7,dem,41,s_vector_pct,1.0,False,1000,1000,max_iter,7.3224276341694425,,,,,,
C4_anchored_s41,C4,anchored,41,u_vector_pct,5.0,True,2000,2000,max_iter,0.11721854621967681,200,6.564949100007652,8.737729900007253,9.12389709999843,4.938442100028624,6.727391200052807
C4_anchored_s41,C4,anchored,41,u_vector_pct,2.0,True,2000,2000,max_iter,0.11721854621967681,250,8.737729900007253,10.832160000005388,11.170412200008286,6.727391200052807,8.432753300105105
C4_anchored_s41,C4,anchored,41,u_vector_pct,1.0,True,2000,2000,max_iter,0.11721854621967681,500,19.06372450001072,20.967949700003373,21.279071299999487,15.294753100039088,16.890601700055413
C4_anchored_s41,C4,anchored,41,s_vector_pct,5.0,True,2000,2000,max_iter,0.9069732618061074,450,17.06257410001126,19.06372450001072,19.371608400004334,13.639016300003277,15.294753100039088
C4_anchored_s41,C4,anchored,41,s_vector_pct,2.0,True,2000,2000,max_iter,0.9069732618061074,950,36.63125350000337,38.642397500007064,38.96168459999899,29.875441900119768,31.515861700085225
C4_anchored_s41,C4,anchored,41,s_vector_pct,1.0,True,2000,2000,max_iter,0.9069732618061074,1800,71.1209164000029,73.28834130000905,73.68929300000309,58.27539829975285,60.04753109977173
T1_vanilla_matched_s41,T1,vanilla_matched,41,u_vector_pct,5.0,True,10000,10000,max_iter,0.8931382682811965,2700,134.40363190000062,136.71486970000842,137.5478914999985,88.01077830043505,89.49544520041673
T1_vanilla_matched_s41,T1,vanilla_matched,41,u_vector_pct,2.0,True,10000,10000,max_iter,0.8931382682811965,5600,284.31413440000324,287.4121806000039,288.4098701000039,187.7421250007319,189.92562860077305
T1_vanilla_matched_s41,T1,vanilla_matched,41,u_vector_pct,1.0,True,10000,10000,max_iter,0.8931382682811965,8550,456.8954911000037,459.67010070000833,460.4863960000075,307.5654155010561,309.4877886010945
T1_vanilla_matched_s41,T1,vanilla_matched,41,s_vector_pct,5.0,True,10000,10000,max_iter,2.862718000192404,5200,260.085313100004,263.22303439999814,264.0917044000089,170.99624210079492,173.16522940077994
T1_vanilla_matched_s41,T1,vanilla_matched,41,s_vector_pct,2.0,False,10000,10000,max_iter,2.862718000192404,,,,,,
T1_vanilla_matched_s41,T1,vanilla_matched,41,s_vector_pct,1.0,False,10000,10000,max_iter,2.862718000192404,,,,,,
C8_fourier_double_s46,C8,fourier_double,46,u_vector_pct,5.0,False,2000,2000,max_iter,8.978031667820176,,,,,,
C8_fourier_double_s46,C8,fourier_double,46,u_vector_pct,2.0,False,2000,2000,max_iter,8.978031667820176,,,,,,
C8_fourier_double_s46,C8,fourier_double,46,u_vector_pct,1.0,False,2000,2000,max_iter,8.978031667820176,,,,,,
C8_fourier_double_s46,C8,fourier_double,46,s_vector_pct,5.0,False,2000,2000,max_iter,5.48995253160844,,,,,,
C8_fourier_double_s46,C8,fourier_double,46,s_vector_pct,2.0,False,2000,2000,max_iter,5.48995253160844,,,,,,
C8_fourier_double_s46,C8,fourier_double,46,s_vector_pct,1.0,False,2000,2000,max_iter,5.48995253160844,,,,,,
C3_fourier_s45,C3,fourier,45,u_vector_pct,5.0,True,2000,2000,max_iter,0.08956699903324626,100,2.2447342999948887,4.464332299990929,4.815086299990071,1.4604806999413995,3.2779414999240544
C3_fourier_s45,C3,fourier,45,u_vector_pct,2.0,True,2000,2000,max_iter,0.08956699903324626,100,2.2447342999948887,4.464332299990929,4.815086299990071,1.4604806999413995,3.2779414999240544
C3_fourier_s45,C3,fourier,45,u_vector_pct,1.0,True,2000,2000,max_iter,0.08956699903324626,200,6.585556699996232,8.721923599994625,9.088200799989863,5.046725299835089,6.84980399988126
C3_fourier_s45,C3,fourier,45,s_vector_pct,5.0,True,2000,2000,max_iter,0.540326377702538,250,8.721923599994625,10.869432099992991,11.17689899999823,6.84980399988126,8.628363099822309
C3_fourier_s45,C3,fourier,45,s_vector_pct,2.0,True,2000,2000,max_iter,0.540326377702538,450,17.426172299994505,19.734596499998588,20.094986500000232,14.153198699874338,16.092236299824435
C3_fourier_s45,C3,fourier,45,s_vector_pct,1.0,True,2000,2000,max_iter,0.540326377702538,900,36.25003019999713,38.42545229999814,38.74719660000119,29.655286199762486,31.475749699762673
C1_xpinn_s42,C1,xpinn,42,u_vector_pct,5.0,True,2000,2000,max_iter,4.109947125317906,1550,119.342290399989,123.29334829999425,123.78190309999627,100.51589069976762,103.74718399980338
C1_xpinn_s42,C1,xpinn,42,u_vector_pct,2.0,False,2000,2000,max_iter,4.109947125317906,,,,,,
C1_xpinn_s42,C1,xpinn,42,u_vector_pct,1.0,False,2000,2000,max_iter,4.109947125317906,,,,,,
C1_xpinn_s42,C1,xpinn,42,s_vector_pct,5.0,False,2000,2000,max_iter,28.027682808687576,,,,,,
C1_xpinn_s42,C1,xpinn,42,s_vector_pct,2.0,False,2000,2000,max_iter,28.027682808687576,,,,,,
C1_xpinn_s42,C1,xpinn,42,s_vector_pct,1.0,False,2000,2000,max_iter,28.027682808687576,,,,,,
C1_fourier_double_s41,C1,fourier_double,41,u_vector_pct,5.0,False,2000,2000,max_iter,56.56791656177901,,,,,,
C1_fourier_double_s41,C1,fourier_double,41,u_vector_pct,2.0,False,2000,2000,max_iter,56.56791656177901,,,,,,
C1_fourier_double_s41,C1,fourier_double,41,u_vector_pct,1.0,False,2000,2000,max_iter,56.56791656177901,,,,,,
C1_fourier_double_s41,C1,fourier_double,41,s_vector_pct,5.0,False,2000,2000,max_iter,46.854986662597284,,,,,,
C1_fourier_double_s41,C1,fourier_double,41,s_vector_pct,2.0,False,2000,2000,max_iter,46.854986662597284,,,,,,
C1_fourier_double_s41,C1,fourier_double,41,s_vector_pct,1.0,False,2000,2000,max_iter,46.854986662597284,,,,,,
C1_anchored_s43,C1,anchored,43,u_vector_pct,5.0,True,2000,2000,max_iter,0.27990424300881867,150,3.8208493999991333,5.875452299995231,6.251779400001396,2.838979799984372,4.520247299951734
C1_anchored_s43,C1,anchored,43,u_vector_pct,2.0,True,2000,2000,max_iter,0.27990424300881867,350,12.26202199999534,14.077986000003875,14.396288399992045,9.759737799846334,11.26390509986959
C1_anchored_s43,C1,anchored,43,u_vector_pct,1.0,True,2000,2000,max_iter,0.27990424300881867,650,23.41470369999297,25.278111299994634,25.586688099996536,18.942700299812714,20.484813999864855
C1_anchored_s43,C1,anchored,43,s_vector_pct,5.0,True,2000,2000,max_iter,3.274596116378089,1150,43.07095759999356,44.92250889999559,45.23626000000513,35.08215950005979,36.618665100075305
C1_anchored_s43,C1,anchored,43,s_vector_pct,2.0,False,2000,2000,max_iter,3.274596116378089,,,,,,
C1_anchored_s43,C1,anchored,43,s_vector_pct,1.0,False,2000,2000,max_iter,3.274596116378089,,,,,,
C8_independent_marginal_s44,C8,independent_marginal,44,u_vector_pct,5.0,True,2000,2000,max_iter,0.16609043894748463,150,4.129334500001278,6.057112500013318,6.366972000003443,3.0079043000005186,4.510285199969076
C8_independent_marginal_s44,C8,independent_marginal,44,u_vector_pct,2.0,True,2000,2000,max_iter,0.16609043894748463,250,7.9151852000068175,9.970540100010112,10.326249300007476,6.057869899974321,7.726369199954206
C8_independent_marginal_s44,C8,independent_marginal,44,u_vector_pct,1.0,True,2000,2000,max_iter,0.16609043894748463,300,9.970540100010112,11.875896100013051,12.184421000012662,7.726369199954206,9.275514499953715
C8_independent_marginal_s44,C8,independent_marginal,44,s_vector_pct,5.0,True,2000,2000,max_iter,0.5474237345012015,300,9.970540100010112,11.875896100013051,12.184421000012662,7.726369199954206,9.275514499953715
C8_independent_marginal_s44,C8,independent_marginal,44,s_vector_pct,2.0,True,2000,2000,max_iter,0.5474237345012015,600,21.50522500000079,23.450717100000475,23.771815800006152,17.34914379978727,18.952336199814454
C8_independent_marginal_s44,C8,independent_marginal,44,s_vector_pct,1.0,True,2000,2000,max_iter,0.5474237345012015,1100,42.098201400003745,44.329171900011715,44.74019670000416,34.46004430002358,36.31597420007165
C1_independent_marginal_s47,C1,independent_marginal,47,u_vector_pct,5.0,True,2000,2000,max_iter,0.2045572445643377,200,5.614570500008995,7.485530200006906,7.847024500006228,4.253327099926537,5.761222099929
C1_independent_marginal_s47,C1,independent_marginal,47,u_vector_pct,2.0,True,2000,2000,max_iter,0.2045572445643377,350,11.17115670000203,12.952814600008423,13.347168300009798,8.734590399981244,10.1705731999391
C1_independent_marginal_s47,C1,independent_marginal,47,u_vector_pct,1.0,True,2000,2000,max_iter,0.2045572445643377,600,20.461875500011956,22.304435300000478,22.663771300009103,16.160840599928633,17.633614799953648
C1_independent_marginal_s47,C1,independent_marginal,47,s_vector_pct,5.0,True,2000,2000,max_iter,2.8305187416043522,1050,37.89713599999959,39.973176800005604,40.33137740001257,30.29104520000692,31.987143999969703
C1_independent_marginal_s47,C1,independent_marginal,47,s_vector_pct,2.0,False,2000,2000,max_iter,2.8305187416043522,,,,,,
C1_independent_marginal_s47,C1,independent_marginal,47,s_vector_pct,1.0,False,2000,2000,max_iter,2.8305187416043522,,,,,,
C8_xpinn_s41,C8,xpinn,41,u_vector_pct,5.0,True,2000,2000,max_iter,5.308432780614484,1450,113.81557890000113,118.10388790001161,118.78242709999904,96.4813542997581,100.18288709978515
C8_xpinn_s41,C8,xpinn,41,u_vector_pct,2.0,False,2000,2000,max_iter,5.308432780614484,,,,,,
C8_xpinn_s41,C8,xpinn,41,u_vector_pct,1.0,False,2000,2000,max_iter,5.308432780614484,,,,,,
C8_xpinn_s41,C8,xpinn,41,s_vector_pct,5.0,False,2000,2000,max_iter,18.397521848082913,,,,,,
C8_xpinn_s41,C8,xpinn,41,s_vector_pct,2.0,False,2000,2000,max_iter,18.397521848082913,,,,,,
C8_xpinn_s41,C8,xpinn,41,s_vector_pct,1.0,False,2000,2000,max_iter,18.397521848082913,,,,,,
C1_dem_s44,C1,dem,44,u_vector_pct,5.0,True,1000,1000,max_iter,2856.0676251852983,200,7.382430199999362,9.577362099997117,10.3177982000052,4.48479640003643,5.940714899945306
C1_dem_s44,C1,dem,44,u_vector_pct,2.0,True,1000,1000,max_iter,2856.0676251852983,250,9.577362099997117,11.935550199996214,12.628509999995003,5.940714899945306,7.556966199961607
C1_dem_s44,C1,dem,44,u_vector_pct,1.0,True,1000,1000,max_iter,2856.0676251852983,400,15.837790300007327,17.75135940000473,18.46185229999537,10.087641800026176,11.31586880001123
C1_dem_s44,C1,dem,44,s_vector_pct,5.0,False,1000,1000,max_iter,126430.56031601552,,,,,,
C1_dem_s44,C1,dem,44,s_vector_pct,2.0,False,1000,1000,max_iter,126430.56031601552,,,,,,
C1_dem_s44,C1,dem,44,s_vector_pct,1.0,False,1000,1000,max_iter,126430.56031601552,,,,,,
C2_anchored_s45,C2,anchored,45,u_vector_pct,5.0,True,2000,2000,max_iter,0.1561652800968818,150,3.758792100008577,5.731913000010536,6.108316900004866,2.7276412000501296,4.380267400061712
C2_anchored_s45,C2,anchored,45,u_vector_pct,2.0,True,2000,2000,max_iter,0.1561652800968818,200,5.731913000010536,7.7908415000129025,8.128118500011624,4.380267400061712,6.062277000004542
C2_anchored_s45,C2,anchored,45,u_vector_pct,1.0,True,2000,2000,max_iter,0.1561652800968818,600,21.717000300006475,23.826632500000414,24.150528800004395,17.54685560001235,19.275706300031743
C2_anchored_s45,C2,anchored,45,s_vector_pct,5.0,True,2000,2000,max_iter,2.0435431017230714,650,23.826632500000414,25.74659700000484,26.08067270000174,19.275706300031743,20.870190800065757
C2_anchored_s45,C2,anchored,45,s_vector_pct,2.0,False,2000,2000,max_iter,2.0435431017230714,,,,,,
C2_anchored_s45,C2,anchored,45,s_vector_pct,1.0,False,2000,2000,max_iter,2.0435431017230714,,,,,,
C2_xpinn_s45,C2,xpinn,45,u_vector_pct,5.0,True,2000,2000,max_iter,3.652693591983636,1150,85.4464980000048,89.26259820000269,89.90275739999197,72.26175590002094,75.45159230008721
C2_xpinn_s45,C2,xpinn,45,u_vector_pct,2.0,False,2000,2000,max_iter,3.652693591983636,,,,,,
C2_xpinn_s45,C2,xpinn,45,u_vector_pct,1.0,False,2000,2000,max_iter,3.652693591983636,,,,,,
C2_xpinn_s45,C2,xpinn,45,s_vector_pct,5.0,False,2000,2000,max_iter,20.722836887040035,,,,,,
C2_xpinn_s45,C2,xpinn,45,s_vector_pct,2.0,False,2000,2000,max_iter,20.722836887040035,,,,,,
C2_xpinn_s45,C2,xpinn,45,s_vector_pct,1.0,False,2000,2000,max_iter,20.722836887040035,,,,,,
C7_dem_s44,C7,dem,44,u_vector_pct,5.0,True,1000,1000,max_iter,1245.7764007331355,250,9.099305600000662,11.300982000000658,12.039655000000494,5.624264599973685,7.094197900005383
C7_dem_s44,C7,dem,44,u_vector_pct,2.0,True,1000,1000,max_iter,1245.7764007331355,600,24.459615600004327,26.822794499996235,27.574517200002447,15.999740500134067,17.57935030013323
C7_dem_s44,C7,dem,44,u_vector_pct,1.0,False,1000,1000,max_iter,1245.7764007331355,,,,,,
C7_dem_s44,C7,dem,44,s_vector_pct,5.0,False,1000,1000,max_iter,19573.554072278694,,,,,,
C7_dem_s44,C7,dem,44,s_vector_pct,2.0,False,1000,1000,max_iter,19573.554072278694,,,,,,
C7_dem_s44,C7,dem,44,s_vector_pct,1.0,False,1000,1000,max_iter,19573.554072278694,,,,,,
C8_fourier_s42,C8,fourier,42,u_vector_pct,5.0,True,2000,2000,max_iter,0.13869551663126217,100,2.0651710999954958,3.997694699995918,4.345117199991364,1.3022082000097726,2.8806422000197927
C8_fourier_s42,C8,fourier,42,u_vector_pct,2.0,True,2000,2000,max_iter,0.13869551663126217,150,3.997694699995918,5.883173900001566,6.247651799989399,2.8806422000197927,4.411276100043324
C8_fourier_s42,C8,fourier,42,u_vector_pct,1.0,True,2000,2000,max_iter,0.13869551663126217,200,5.883173900001566,7.863551099988399,8.248075399998925,4.411276100043324,6.0266607999947155
C8_fourier_s42,C8,fourier,42,s_vector_pct,5.0,True,2000,2000,max_iter,0.5019572222467751,250,7.863551099988399,9.858233199993265,10.23289179999847,6.0266607999947155,7.635503499972401
C8_fourier_s42,C8,fourier,42,s_vector_pct,2.0,True,2000,2000,max_iter,0.5019572222467751,500,18.303593099990394,20.588171299998066,20.997820399992634,14.65980929993384,16.533826999933808
C8_fourier_s42,C8,fourier,42,s_vector_pct,1.0,True,2000,2000,max_iter,0.5019572222467751,900,36.02626379999856,38.07549129999825,38.516153899996425,29.309202999880654,30.99562929982494
C1_vanilla_s43,C1,vanilla,43,u_vector_pct,5.0,True,2000,2000,max_iter,1.8346073369631815,900,34.18936260000919,36.377740700001596,36.72128209999937,28.01768979996268,29.83656519994838
C1_vanilla_s43,C1,vanilla,43,u_vector_pct,2.0,True,2000,2000,max_iter,1.8346073369631815,1800,72.69161920000624,74.96153620000405,75.31675520000863,60.34197030005453,62.239499100032845
C1_vanilla_s43,C1,vanilla,43,u_vector_pct,1.0,False,2000,2000,max_iter,1.8346073369631815,,,,,,
C1_vanilla_s43,C1,vanilla,43,s_vector_pct,5.0,False,2000,2000,max_iter,11.120089570229656,,,,,,
C1_vanilla_s43,C1,vanilla,43,s_vector_pct,2.0,False,2000,2000,max_iter,11.120089570229656,,,,,,
C1_vanilla_s43,C1,vanilla,43,s_vector_pct,1.0,False,2000,2000,max_iter,11.120089570229656,,,,,,
C8_independent_marginal_s47,C8,independent_marginal,47,u_vector_pct,5.0,True,2000,2000,max_iter,0.11138399575559121,150,4.1491492000059225,6.216948799992679,6.591625799992471,2.974394500051858,4.683989200057113
C8_independent_marginal_s47,C8,independent_marginal,47,u_vector_pct,2.0,True,2000,2000,max_iter,0.11138399575559121,250,8.413145200000145,10.714891399999033,11.133469899999909,6.504832300066482,8.415023300083703
C8_independent_marginal_s47,C8,independent_marginal,47,u_vector_pct,1.0,True,2000,2000,max_iter,0.11138399575559121,350,12.942707900001551,15.174823499997729,15.553096300005564,10.223661800133414,12.07580110017443
C8_independent_marginal_s47,C8,independent_marginal,47,s_vector_pct,5.0,True,2000,2000,max_iter,0.5834139073899932,350,12.942707900001551,15.174823499997729,15.553096300005564,10.223661800133414,12.07580110017443
C8_independent_marginal_s47,C8,independent_marginal,47,s_vector_pct,2.0,True,2000,2000,max_iter,0.5834139073899932,650,25.387600600006408,27.752931800001534,28.066695799992885,20.494680000352673,22.461412900316645
C8_independent_marginal_s47,C8,independent_marginal,47,s_vector_pct,1.0,True,2000,2000,max_iter,0.5834139073899932,1250,49.00938099999621,51.40114970000286,51.75681720000284,40.175007300349534,42.176854000397725
C1_fourier_double_s43,C1,fourier_double,43,u_vector_pct,5.0,False,2000,2000,max_iter,55.44970993135496,,,,,,
C1_fourier_double_s43,C1,fourier_double,43,u_vector_pct,2.0,False,2000,2000,max_iter,55.44970993135496,,,,,,
C1_fourier_double_s43,C1,fourier_double,43,u_vector_pct,1.0,False,2000,2000,max_iter,55.44970993135496,,,,,,
C1_fourier_double_s43,C1,fourier_double,43,s_vector_pct,5.0,False,2000,2000,max_iter,45.7652705768313,,,,,,
C1_fourier_double_s43,C1,fourier_double,43,s_vector_pct,2.0,False,2000,2000,max_iter,45.7652705768313,,,,,,
C1_fourier_double_s43,C1,fourier_double,43,s_vector_pct,1.0,False,2000,2000,max_iter,45.7652705768313,,,,,,
C3_anchored_s43,C3,anchored,43,u_vector_pct,5.0,True,2000,2000,max_iter,0.10692255055596007,150,3.861035299996729,5.887468099987018,6.182897499995306,2.8065183000726392,4.471223400061717
C3_anchored_s43,C3,anchored,43,u_vector_pct,2.0,True,2000,2000,max_iter,0.10692255055596007,250,7.9699431999906665,9.96195230000012,10.33913290000055,6.257636900088983,7.8562124000891345
C3_anchored_s43,C3,anchored,43,u_vector_pct,1.0,True,2000,2000,max_iter,0.10692255055596007,400,13.83621989999665,15.865105999997468,16.18512959999498,10.979772600068827,12.689229600102408
C3_anchored_s43,C3,anchored,43,s_vector_pct,5.0,True,2000,2000,max_iter,0.835815135802325,450,15.865105999997468,17.92704139999114,18.295250899987877,12.689229600102408,14.42945960003999
C3_anchored_s43,C3,anchored,43,s_vector_pct,2.0,True,2000,2000,max_iter,0.835815135802325,900,34.48427789998823,36.51442529998894,36.86389229999622,28.02229260018794,29.751784900174243
C3_anchored_s43,C3,anchored,43,s_vector_pct,1.0,True,2000,2000,max_iter,0.835815135802325,1650,65.67556189998868,67.65135859999282,67.99664259998826,53.927048600511625,55.53126200057159
C8_vanilla_s47,C8,vanilla,47,u_vector_pct,5.0,True,2000,2000,max_iter,1.7821955907000608,700,25.627268600001116,27.61721359999501,28.00151129999722,20.73696379996545,22.37441270002455
C8_vanilla_s47,C8,vanilla,47,u_vector_pct,2.0,True,2000,2000,max_iter,1.7821955907000608,1300,49.59040049999021,51.59173020000162,51.99098969998886,40.40894359994854,42.08899929995823
C8_vanilla_s47,C8,vanilla,47,u_vector_pct,1.0,False,2000,2000,max_iter,1.7821955907000608,,,,,,
C8_vanilla_s47,C8,vanilla,47,s_vector_pct,5.0,False,2000,2000,max_iter,5.773429039164979,,,,,,
C8_vanilla_s47,C8,vanilla,47,s_vector_pct,2.0,False,2000,2000,max_iter,5.773429039164979,,,,,,
C8_vanilla_s47,C8,vanilla,47,s_vector_pct,1.0,False,2000,2000,max_iter,5.773429039164979,,,,,,
C7_anchored_s43,C7,anchored,43,u_vector_pct,5.0,True,2000,2000,max_iter,0.6385100635536157,450,15.600342500008992,17.578080300008878,17.91855640000722,12.428910699789412,14.024175099824788
C7_anchored_s43,C7,anchored,43,u_vector_pct,2.0,True,2000,2000,max_iter,0.6385100635536157,850,31.243124500004342,33.25637620000634,33.595365400004084,25.210235299688065,26.86051149967534
C7_anchored_s43,C7,anchored,43,u_vector_pct,1.0,True,2000,2000,max_iter,0.6385100635536157,1450,55.914417000007234,58.13946040000883,58.520590700005414,45.47402539981704,47.309572899801424
C7_anchored_s43,C7,anchored,43,s_vector_pct,5.0,True,2000,2000,max_iter,4.598921436891558,1800,70.81097900000168,72.9308369000064,73.25848320001387,57.745373799916706,59.48698289990716
C7_anchored_s43,C7,anchored,43,s_vector_pct,2.0,False,2000,2000,max_iter,4.598921436891558,,,,,,
C7_anchored_s43,C7,anchored,43,s_vector_pct,1.0,False,2000,2000,max_iter,4.598921436891558,,,,,,
C8_fourier_half_s44,C8,fourier_half,44,u_vector_pct,5.0,True,2000,2000,max_iter,0.031034561717551208,100,2.2855578000016976,4.538014000005205,4.934751300010248,1.4797806999995373,3.3797301000449806
C8_fourier_half_s44,C8,fourier_half,44,u_vector_pct,2.0,True,2000,2000,max_iter,0.031034561717551208,150,4.538014000005205,6.844576500006951,7.179003700002795,3.3797301000449806,5.281244700046955
C8_fourier_half_s44,C8,fourier_half,44,u_vector_pct,1.0,True,2000,2000,max_iter,0.031034561717551208,250,9.088307700003497,11.339623700012453,11.721470100004808,7.189906200001133,9.06343919991923
C8_fourier_half_s44,C8,fourier_half,44,s_vector_pct,5.0,True,2000,2000,max_iter,0.22869007594455074,200,6.844576500006951,9.088307700003497,9.463274800000363,5.281244700046955,7.189906200001133
C8_fourier_half_s44,C8,fourier_half,44,s_vector_pct,2.0,True,2000,2000,max_iter,0.22869007594455074,300,11.339623700012453,13.703904500012868,14.09938250000414,9.06343919991923,11.045214699901408
C8_fourier_half_s44,C8,fourier_half,44,s_vector_pct,1.0,True,2000,2000,max_iter,0.22869007594455074,450,18.135544800010393,20.37847400001192,20.795865600011894,14.682885900037945,16.5281885000295
C7_dem_s42,C7,dem,42,u_vector_pct,5.0,True,1000,1000,max_iter,2.021312753683889,250,9.190912199992454,11.361398999986704,12.158419100000174,5.545497799932491,6.993478799879085
C7_dem_s42,C7,dem,42,u_vector_pct,2.0,True,1000,1000,max_iter,2.021312753683889,900,39.85079979999864,42.14525909999793,42.87854589999188,26.50405009968381,28.079571199719794
C7_dem_s42,C7,dem,42,u_vector_pct,1.0,False,1000,1000,max_iter,2.021312753683889,,,,,,
C7_dem_s42,C7,dem,42,s_vector_pct,5.0,False,1000,1000,max_iter,7.069509909820473,,,,,,
C7_dem_s42,C7,dem,42,s_vector_pct,2.0,False,1000,1000,max_iter,7.069509909820473,,,,,,
C7_dem_s42,C7,dem,42,s_vector_pct,1.0,False,1000,1000,max_iter,7.069509909820473,,,,,,
C1_dem_s45,C1,dem,45,u_vector_pct,5.0,True,1000,1000,max_iter,2.1489295882798185,200,6.98352629999863,9.099895899998955,9.801788099997793,4.058573099973728,5.446747999973013
C1_dem_s45,C1,dem,45,u_vector_pct,2.0,True,1000,1000,max_iter,2.1489295882798185,250,9.099895899998955,11.208255199991981,11.89038489999075,5.446747999973013,6.851510599983158
C1_dem_s45,C1,dem,45,u_vector_pct,1.0,True,1000,1000,max_iter,2.1489295882798185,550,22.39781640000001,24.850954900000943,25.580981499995687,14.5263743999094,16.2075429999677
C1_dem_s45,C1,dem,45,s_vector_pct,5.0,False,1000,1000,max_iter,46.36833728746201,,,,,,
C1_dem_s45,C1,dem,45,s_vector_pct,2.0,False,1000,1000,max_iter,46.36833728746201,,,,,,
C1_dem_s45,C1,dem,45,s_vector_pct,1.0,False,1000,1000,max_iter,46.36833728746201,,,,,,
C2_fourier_s44,C2,fourier,44,u_vector_pct,5.0,True,2000,2000,max_iter,0.24092586855136602,150,4.566341799989459,6.712977099989075,7.101563799995347,3.3331909000553424,5.091380600104458
C2_fourier_s44,C2,fourier,44,u_vector_pct,2.0,True,2000,2000,max_iter,0.24092586855136602,250,8.985246499985806,11.292096799996216,11.652184499995201,6.974493500063545,8.869891600115807
C2_fourier_s44,C2,fourier,44,u_vector_pct,1.0,True,2000,2000,max_iter,0.24092586855136602,400,15.545864899992011,17.451221399998758,17.77053189999424,12.355034100037301,13.857649100056733
C2_fourier_s44,C2,fourier,44,s_vector_pct,5.0,True,2000,2000,max_iter,1.8448820555844252,450,17.451221399998758,19.460096099996008,19.787200999999186,13.857649100056733,15.545578400051454
C2_fourier_s44,C2,fourier,44,s_vector_pct,2.0,True,2000,2000,max_iter,1.8448820555844252,1750,72.35487289998855,74.4055842999951,74.80117729998892,59.51011979969917,61.23092839974561
C2_fourier_s44,C2,fourier,44,s_vector_pct,1.0,False,2000,2000,max_iter,1.8448820555844252,,,,,,
C1_vanilla_s46,C1,vanilla,46,u_vector_pct,5.0,True,2000,2000,max_iter,1.4085093743905783,950,35.43010240000149,37.32264980000036,37.668285500010825,29.04116060009983,30.617989900129032
C1_vanilla_s46,C1,vanilla,46,u_vector_pct,2.0,True,2000,2000,max_iter,1.4085093743905783,1750,67.32704370000283,69.22385300000315,69.55024650000269,55.508044199916185,57.0750450999185
C1_vanilla_s46,C1,vanilla,46,u_vector_pct,1.0,False,2000,2000,max_iter,1.4085093743905783,,,,,,
C1_vanilla_s46,C1,vanilla,46,s_vector_pct,5.0,False,2000,2000,max_iter,10.418481284823962,,,,,,
C1_vanilla_s46,C1,vanilla,46,s_vector_pct,2.0,False,2000,2000,max_iter,10.418481284823962,,,,,,
C1_vanilla_s46,C1,vanilla,46,s_vector_pct,1.0,False,2000,2000,max_iter,10.418481284823962,,,,,,
C7_vanilla_s41,C7,vanilla,41,u_vector_pct,5.0,False,2000,2000,max_iter,6.067961706940095,,,,,,
C7_vanilla_s41,C7,vanilla,41,u_vector_pct,2.0,False,2000,2000,max_iter,6.067961706940095,,,,,,
C7_vanilla_s41,C7,vanilla,41,u_vector_pct,1.0,False,2000,2000,max_iter,6.067961706940095,,,,,,
C7_vanilla_s41,C7,vanilla,41,s_vector_pct,5.0,False,2000,2000,max_iter,22.806199006234767,,,,,,
C7_vanilla_s41,C7,vanilla,41,s_vector_pct,2.0,False,2000,2000,max_iter,22.806199006234767,,,,,,
C7_vanilla_s41,C7,vanilla,41,s_vector_pct,1.0,False,2000,2000,max_iter,22.806199006234767,,,,,,
C4_dem_s45,C4,dem,45,u_vector_pct,5.0,True,1000,1000,max_iter,1.0434804561533357,150,4.879575900005875,7.0541391000006115,7.77211870001338,2.71506140002748,4.18600310003967
C4_dem_s45,C4,dem,45,u_vector_pct,2.0,True,1000,1000,max_iter,1.0434804561533357,250,9.297071799999685,11.567027500001132,12.324331499999971,5.7104041999118635,7.267663799910224
C4_dem_s45,C4,dem,45,u_vector_pct,1.0,True,1000,1000,max_iter,1.0434804561533357,400,16.450200500010396,18.797229000003426,19.559278400003677,10.601119299899437,12.209734599891817
C4_dem_s45,C4,dem,45,s_vector_pct,5.0,False,1000,1000,max_iter,7.108601268871667,,,,,,
C4_dem_s45,C4,dem,45,s_vector_pct,2.0,False,1000,1000,max_iter,7.108601268871667,,,,,,
C4_dem_s45,C4,dem,45,s_vector_pct,1.0,False,1000,1000,max_iter,7.108601268871667,,,,,,
C6_vanilla_s44,C6,vanilla,44,u_vector_pct,5.0,True,2000,2000,max_iter,4.075969599767848,1700,63.43708550000156,65.69437169999583,66.07427559999633,51.880262499820674,53.78086239985714
C6_vanilla_s44,C6,vanilla,44,u_vector_pct,2.0,False,2000,2000,max_iter,4.075969599767848,,,,,,
C6_vanilla_s44,C6,vanilla,44,u_vector_pct,1.0,False,2000,2000,max_iter,4.075969599767848,,,,,,
C6_vanilla_s44,C6,vanilla,44,s_vector_pct,5.0,False,2000,2000,max_iter,11.164973689949429,,,,,,
C6_vanilla_s44,C6,vanilla,44,s_vector_pct,2.0,False,2000,2000,max_iter,11.164973689949429,,,,,,
C6_vanilla_s44,C6,vanilla,44,s_vector_pct,1.0,False,2000,2000,max_iter,11.164973689949429,,,,,,
C1_fourier_double_s45,C1,fourier_double,45,u_vector_pct,5.0,False,2000,2000,max_iter,54.95785749944433,,,,,,
C1_fourier_double_s45,C1,fourier_double,45,u_vector_pct,2.0,False,2000,2000,max_iter,54.95785749944433,,,,,,
C1_fourier_double_s45,C1,fourier_double,45,u_vector_pct,1.0,False,2000,2000,max_iter,54.95785749944433,,,,,,
C1_fourier_double_s45,C1,fourier_double,45,s_vector_pct,5.0,False,2000,2000,max_iter,43.36827744593792,,,,,,
C1_fourier_double_s45,C1,fourier_double,45,s_vector_pct,2.0,False,2000,2000,max_iter,43.36827744593792,,,,,,
C1_fourier_double_s45,C1,fourier_double,45,s_vector_pct,1.0,False,2000,2000,max_iter,43.36827744593792,,,,,,
C4_xpinn_s41,C4,xpinn,41,u_vector_pct,5.0,True,2000,2000,max_iter,4.719894495692268,1800,136.9976663999987,141.2886184999952,141.86316000000807,117.02841770071245,120.67773660074454
C4_xpinn_s41,C4,xpinn,41,u_vector_pct,2.0,False,2000,2000,max_iter,4.719894495692268,,,,,,
C4_xpinn_s41,C4,xpinn,41,u_vector_pct,1.0,False,2000,2000,max_iter,4.719894495692268,,,,,,
C4_xpinn_s41,C4,xpinn,41,s_vector_pct,5.0,False,2000,2000,max_iter,20.265659318381473,,,,,,
C4_xpinn_s41,C4,xpinn,41,s_vector_pct,2.0,False,2000,2000,max_iter,20.265659318381473,,,,,,
C4_xpinn_s41,C4,xpinn,41,s_vector_pct,1.0,False,2000,2000,max_iter,20.265659318381473,,,,,,
C1_fourier_half_s45,C1,fourier_half,45,u_vector_pct,5.0,True,2000,2000,max_iter,0.17106349277361335,100,2.1591096999909496,4.387686599991866,4.765194899999187,1.43402819999028,3.3118115999241127
C1_fourier_half_s45,C1,fourier_half,45,u_vector_pct,2.0,True,2000,2000,max_iter,0.17106349277361335,250,8.662005099991802,10.680025099994964,10.980888199992478,6.850500899963663,8.530246299967985
C1_fourier_half_s45,C1,fourier_half,45,u_vector_pct,1.0,True,2000,2000,max_iter,0.17106349277361335,350,12.57704659999581,14.763272700001835,15.142342699997243,10.125891999981832,11.920232399992528
C1_fourier_half_s45,C1,fourier_half,45,s_vector_pct,5.0,True,2000,2000,max_iter,2.04875506961645,700,27.903934100002516,30.016837499992107,30.41900120000355,22.80612289988494,24.52659879993007
C1_fourier_half_s45,C1,fourier_half,45,s_vector_pct,2.0,False,2000,2000,max_iter,2.04875506961645,,,,,,
C1_fourier_half_s45,C1,fourier_half,45,s_vector_pct,1.0,False,2000,2000,max_iter,2.04875506961645,,,,,,
C2_anchored_s44,C2,anchored,44,u_vector_pct,5.0,True,2000,2000,max_iter,0.18916156864381717,150,3.986015900009079,6.156906500007608,6.517217400003574,3.0263696000620257,4.810627300088527
C2_anchored_s44,C2,anchored,44,u_vector_pct,2.0,True,2000,2000,max_iter,0.18916156864381717,250,8.264183100007358,10.48989710000751,10.84011490001285,6.557029900082853,8.409324400126934
C2_anchored_s44,C2,anchored,44,u_vector_pct,1.0,True,2000,2000,max_iter,0.18916156864381717,450,16.477122300013434,18.50618910000776,18.84522050000669,13.352313300099922,15.055524100112962
C2_anchored_s44,C2,anchored,44,s_vector_pct,5.0,True,2000,2000,max_iter,1.7143398390958122,500,18.50618910000776,20.506651900010183,20.864690000002156,15.055524100112962,16.71646310009237
C2_anchored_s44,C2,anchored,44,s_vector_pct,2.0,True,2000,2000,max_iter,1.7143398390958122,1600,63.16097160000936,65.40564510000695,65.78033850000065,51.77738519990817,53.683710899960715
C2_anchored_s44,C2,anchored,44,s_vector_pct,1.0,False,2000,2000,max_iter,1.7143398390958122,,,,,,
C4_fourier_s42,C4,fourier,42,u_vector_pct,5.0,True,2000,2000,max_iter,0.14365825613748723,100,2.3717390000092564,4.500764500000514,4.901619900003425,1.5445413000124972,3.2960030999820447
C4_fourier_s42,C4,fourier,42,u_vector_pct,2.0,True,2000,2000,max_iter,0.14365825613748723,150,4.500764500000514,6.857456000012462,7.272034700014046,3.2960030999820447,5.2501048000121955
C4_fourier_s42,C4,fourier,42,u_vector_pct,1.0,True,2000,2000,max_iter,0.14365825613748723,200,6.857456000012462,9.2341873000114,9.633214600005886,5.2501048000121955,7.211640600027749
C4_fourier_s42,C4,fourier,42,s_vector_pct,5.0,True,2000,2000,max_iter,0.5174696006331662,300,11.596495100005995,13.998138300012215,14.387140900013037,9.173546300036833,11.226522000084515
C4_fourier_s42,C4,fourier,42,s_vector_pct,2.0,True,2000,2000,max_iter,0.5174696006331662,550,23.405181300011463,25.804512900009286,26.2196505000029,18.99279090015625,20.989256900153123
C4_fourier_s42,C4,fourier,42,s_vector_pct,1.0,True,2000,2000,max_iter,0.5174696006331662,900,39.48947970000154,41.61885840000468,41.983973500013235,32.43460370021057,34.16932600014843
C8_anchored_s41,C8,anchored,41,u_vector_pct,5.0,True,2000,2000,max_iter,0.15273179304785492,150,3.8219599000003655,5.673203899990767,5.9954182999936165,2.7968530000944156,4.326385200081859
C8_anchored_s41,C8,anchored,41,u_vector_pct,2.0,True,2000,2000,max_iter,0.15273179304785492,250,7.780323200000566,9.909977199989953,10.294680199993309,6.11067470011767,7.838461300110794
C8_anchored_s41,C8,anchored,41,u_vector_pct,1.0,True,2000,2000,max_iter,0.15273179304785492,400,14.493681899999501,16.651568699991913,17.0342118999979,11.629372700190288,13.434114200164913
C8_anchored_s41,C8,anchored,41,s_vector_pct,5.0,True,2000,2000,max_iter,1.2188104590556725,500,18.81791689999227,21.013573899996118,21.404271299994434,15.214960100202006,16.9891087001306
C8_anchored_s41,C8,anchored,41,s_vector_pct,2.0,True,2000,2000,max_iter,1.2188104590556725,1200,47.00129859999288,49.21447320000152,49.602135900000576,38.474698400095804,40.291687000135425
C8_anchored_s41,C8,anchored,41,s_vector_pct,1.0,False,2000,2000,max_iter,1.2188104590556725,,,,,,
C6_anchored_s45,C6,anchored,45,u_vector_pct,5.0,True,2000,2000,max_iter,0.37215952358138327,250,7.862931099996786,9.725755899999058,10.096314299997175,5.976669799914816,7.471926799960784
C6_anchored_s45,C6,anchored,45,u_vector_pct,2.0,True,2000,2000,max_iter,0.37215952358138327,550,19.83343959999911,22.063177000003634,22.378187499998603,15.659961800047313,17.49238619998505
C6_anchored_s45,C6,anchored,45,u_vector_pct,1.0,True,2000,2000,max_iter,0.37215952358138327,950,35.51863809999486,37.4855574999965,37.85449610000069,28.669432199923904,30.292078199898242
C6_anchored_s45,C6,anchored,45,s_vector_pct,5.0,True,2000,2000,max_iter,1.9665566793952436,700,26.028851600000053,27.90490750000754,28.221878399999696,20.808662699942943,22.379574199963827
C6_anchored_s45,C6,anchored,45,s_vector_pct,2.0,True,2000,2000,max_iter,1.9665566793952436,2000,78.76774260000093,81.01357779999671,81.36761699999624,64.40516809959081,66.26583199958259
C6_anchored_s45,C6,anchored,45,s_vector_pct,1.0,False,2000,2000,max_iter,1.9665566793952436,,,,,,
C1_vanilla_matched_s43,C1,vanilla_matched,43,u_vector_pct,5.0,True,2000,2000,max_iter,1.3363302507277852,800,30.005743500005337,32.15353419999883,32.50841049999872,24.4947753000597,26.28955500005395
C1_vanilla_matched_s43,C1,vanilla_matched,43,u_vector_pct,2.0,True,2000,2000,max_iter,1.3363302507277852,1600,61.44153650000226,63.244095899994136,63.636102399992524,50.49226740014274,51.975484100039466
C1_vanilla_matched_s43,C1,vanilla_matched,43,u_vector_pct,1.0,False,2000,2000,max_iter,1.3363302507277852,,,,,,
C1_vanilla_matched_s43,C1,vanilla_matched,43,s_vector_pct,5.0,False,2000,2000,max_iter,9.853465787830872,,,,,,
C1_vanilla_matched_s43,C1,vanilla_matched,43,s_vector_pct,2.0,False,2000,2000,max_iter,9.853465787830872,,,,,,
C1_vanilla_matched_s43,C1,vanilla_matched,43,s_vector_pct,1.0,False,2000,2000,max_iter,9.853465787830872,,,,,,
C2_fourier_s41,C2,fourier,41,u_vector_pct,5.0,True,2000,2000,max_iter,0.24807710290309695,100,2.1995869999955175,4.448520199992345,4.8336965999915265,1.356758599897148,3.220682699844474
C2_fourier_s41,C2,fourier,41,u_vector_pct,2.0,True,2000,2000,max_iter,0.24807710290309695,200,6.601335699990159,8.78960289999668,9.185951099992963,4.986221799859777,6.802337699904456
C2_fourier_s41,C2,fourier,41,u_vector_pct,1.0,True,2000,2000,max_iter,0.24807710290309695,300,11.017163500000606,13.213480899998103,13.549624599996605,8.631743999925675,10.426900099919294
C2_fourier_s41,C2,fourier,41,s_vector_pct,5.0,True,2000,2000,max_iter,1.701911497477449,450,17.685394400003133,19.819776799995452,20.18834049999714,14.130234799915343,15.882469499876606
C2_fourier_s41,C2,fourier,41,s_vector_pct,2.0,True,2000,2000,max_iter,1.701911497477449,1550,63.71694610000122,65.76829369999177,66.15919279999798,51.90610129995912,53.60697319995961
C2_fourier_s41,C2,fourier,41,s_vector_pct,1.0,False,2000,2000,max_iter,1.701911497477449,,,,,,
C5_dem_s45,C5,dem,45,u_vector_pct,5.0,True,1000,1000,max_iter,1.3104093156075782,150,5.193592600000557,7.524675499997102,8.248779899993679,2.9491860000271117,4.530073800080572
C5_dem_s45,C5,dem,45,u_vector_pct,2.0,True,1000,1000,max_iter,1.3104093156075782,350,14.262684999994235,16.58297419999144,17.314248299997416,9.096561100071995,10.712510400102474
C5_dem_s45,C5,dem,45,u_vector_pct,1.0,False,1000,1000,max_iter,1.3104093156075782,,,,,,
C5_dem_s45,C5,dem,45,s_vector_pct,5.0,False,1000,1000,max_iter,6.173735804313278,,,,,,
C5_dem_s45,C5,dem,45,s_vector_pct,2.0,False,1000,1000,max_iter,6.173735804313278,,,,,,
C5_dem_s45,C5,dem,45,s_vector_pct,1.0,False,1000,1000,max_iter,6.173735804313278,,,,,,
C1_independent_gaussian_s44,C1,independent_gaussian,44,u_vector_pct,5.0,True,2000,2000,max_iter,0.23205848384577146,150,4.305912099996931,6.268738699989626,6.669438899989473,3.194758300000103,4.773951399925863
C1_independent_gaussian_s44,C1,independent_gaussian,44,u_vector_pct,2.0,True,2000,2000,max_iter,0.23205848384577146,400,14.982163699998637,17.27908559999196,17.670851999995648,11.983211199971265,13.881111599970609
C1_independent_gaussian_s44,C1,independent_gaussian,44,u_vector_pct,1.0,True,2000,2000,max_iter,0.23205848384577146,600,23.424486199990497,25.48913360000006,25.860215900000185,18.87085030011076,20.567733700139797
C1_independent_gaussian_s44,C1,independent_gaussian,44,s_vector_pct,5.0,True,2000,2000,max_iter,3.2271233499919285,1050,42.51618619999499,44.465315599998576,44.783796599993366,34.637350800127024,36.23188820014184
C1_independent_gaussian_s44,C1,independent_gaussian,44,s_vector_pct,2.0,False,2000,2000,max_iter,3.2271233499919285,,,,,,
C1_independent_gaussian_s44,C1,independent_gaussian,44,s_vector_pct,1.0,False,2000,2000,max_iter,3.2271233499919285,,,,,,
C3_fourier_s44,C3,fourier,44,u_vector_pct,5.0,True,2000,2000,max_iter,0.19593970841871627,100,1.9406393000099342,3.916909300009138,4.2416714999999385,1.2257870999746956,2.851629799930379
C3_fourier_s44,C3,fourier,44,u_vector_pct,2.0,True,2000,2000,max_iter,0.19593970841871627,250,7.895482100007939,10.014015400010976,10.336767100001452,6.184933399956208,7.942458400022588
C3_fourier_s44,C3,fourier,44,u_vector_pct,1.0,True,2000,2000,max_iter,0.19593970841871627,350,11.921089100011159,13.941588100002264,14.285318299997016,9.526322800040361,11.215525500010699
C3_fourier_s44,C3,fourier,44,s_vector_pct,5.0,True,2000,2000,max_iter,0.6856786684321523,300,10.014015400010976,11.921089100011159,12.250790000005509,7.942458400022588,9.526322800040361
C3_fourier_s44,C3,fourier,44,s_vector_pct,2.0,True,2000,2000,max_iter,0.6856786684321523,600,21.969734800004517,23.998219100001734,24.348053800000343,17.94250480007031,19.60288020010921
C3_fourier_s44,C3,fourier,44,s_vector_pct,1.0,True,2000,2000,max_iter,0.6856786684321523,1200,46.97990849999769,48.96679900000163,49.33056820000638,38.695142100099474,40.37146640004357
C2_xpinn_s44,C2,xpinn,44,u_vector_pct,5.0,True,2000,2000,max_iter,2.7167823355082508,1300,100.08797510000295,104.30924239999149,104.84934590000194,84.93827459975728,88.56191779972869
C2_xpinn_s44,C2,xpinn,44,u_vector_pct,2.0,False,2000,2000,max_iter,2.7167823355082508,,,,,,
C2_xpinn_s44,C2,xpinn,44,u_vector_pct,1.0,False,2000,2000,max_iter,2.7167823355082508,,,,,,
C2_xpinn_s44,C2,xpinn,44,s_vector_pct,5.0,False,2000,2000,max_iter,20.6877435211379,,,,,,
C2_xpinn_s44,C2,xpinn,44,s_vector_pct,2.0,False,2000,2000,max_iter,20.6877435211379,,,,,,
C2_xpinn_s44,C2,xpinn,44,s_vector_pct,1.0,False,2000,2000,max_iter,20.6877435211379,,,,,,
C1_independent_gaussian_s48,C1,independent_gaussian,48,u_vector_pct,5.0,True,2000,2000,max_iter,0.3772319074054956,150,4.048014100000728,6.11927119999018,6.497590799990576,2.98032289998082,4.696811499990872
C1_independent_gaussian_s48,C1,independent_gaussian,48,u_vector_pct,2.0,True,2000,2000,max_iter,0.3772319074054956,250,8.287403999987873,10.421130499991705,10.81451759999618,6.4860427000094205,8.213629500067327
C1_independent_gaussian_s48,C1,independent_gaussian,48,u_vector_pct,1.0,True,2000,2000,max_iter,0.3772319074054956,400,14.692137699996238,16.81492839999555,17.18212479999056,11.723401000053855,13.474989100039238
C1_independent_gaussian_s48,C1,independent_gaussian,48,s_vector_pct,5.0,True,2000,2000,max_iter,3.9879404399757417,1400,55.02859919999901,56.90782869998657,57.244088399995235,44.675821900120354,46.240928200117196
C1_independent_gaussian_s48,C1,independent_gaussian,48,s_vector_pct,2.0,False,2000,2000,max_iter,3.9879404399757417,,,,,,
C1_independent_gaussian_s48,C1,independent_gaussian,48,s_vector_pct,1.0,False,2000,2000,max_iter,3.9879404399757417,,,,,,
C3_anchored_s42,C3,anchored,42,u_vector_pct,5.0,True,2000,2000,max_iter,0.176605294725111,150,4.122290400002385,6.033431100004236,6.389678999999887,2.9781956000369973,4.5583058999618515
C3_anchored_s42,C3,anchored,42,u_vector_pct,2.0,True,2000,2000,max_iter,0.176605294725111,200,6.033431100004236,7.907929900000454,8.252267000003485,4.5583058999618515,6.076162799916347
C3_anchored_s42,C3,anchored,42,u_vector_pct,1.0,True,2000,2000,max_iter,0.176605294725111,350,11.942326599993976,14.06920209999953,14.429952699996647,9.383144799910951,11.127511799888453
C3_anchored_s42,C3,anchored,42,s_vector_pct,5.0,True,2000,2000,max_iter,1.0932608835740545,500,18.38363680000475,20.41650120000122,20.809997100004693,14.714066199871013,16.38616119985818
C3_anchored_s42,C3,anchored,42,s_vector_pct,2.0,True,2000,2000,max_iter,1.0932608835740545,1100,43.24856920000457,45.29004330000316,45.68893200000457,35.17632140000933,36.86328530001629
C3_anchored_s42,C3,anchored,42,s_vector_pct,1.0,False,2000,2000,max_iter,1.0932608835740545,,,,,,
C1_anchored_s44,C1,anchored,44,u_vector_pct,5.0,True,2000,2000,max_iter,0.22859055886440505,150,4.255588200001512,6.245555499990587,6.5712696999980835,3.174486999952933,4.780691299936734
C1_anchored_s44,C1,anchored,44,u_vector_pct,2.0,True,2000,2000,max_iter,0.22859055886440505,400,14.653240100000403,16.82663229999889,17.200064199991175,11.768445699897711,13.59424099989701
C1_anchored_s44,C1,anchored,44,u_vector_pct,1.0,True,2000,2000,max_iter,0.22859055886440505,650,25.450974299994414,27.72965049999766,28.089710299987928,20.692316499975277,22.603130900024553
C1_anchored_s44,C1,anchored,44,s_vector_pct,5.0,True,2000,2000,max_iter,3.3340280302547374,1150,47.05795809999108,49.2613924999896,49.65855509998801,38.524530800190405,40.3389891001425
C1_anchored_s44,C1,anchored,44,s_vector_pct,2.0,False,2000,2000,max_iter,3.3340280302547374,,,,,,
C1_anchored_s44,C1,anchored,44,s_vector_pct,1.0,False,2000,2000,max_iter,3.3340280302547374,,,,,,
T1_vanilla_matched_s42,T1,vanilla_matched,42,u_vector_pct,5.0,True,10000,10000,max_iter,2.7690194885545125,3850,223.3176184999902,226.3497798999888,227.2381403999898,155.68792529925122,157.7310425993055
T1_vanilla_matched_s42,T1,vanilla_matched,42,u_vector_pct,2.0,False,10000,10000,max_iter,2.7690194885545125,,,,,,
T1_vanilla_matched_s42,T1,vanilla_matched,42,u_vector_pct,1.0,False,10000,10000,max_iter,2.7690194885545125,,,,,,
T1_vanilla_matched_s42,T1,vanilla_matched,42,s_vector_pct,5.0,True,10000,10000,max_iter,3.902805518755218,7250,421.25049579999177,424.4062158999877,425.3643682999973,295.2040484988829,297.44565269889426
T1_vanilla_matched_s42,T1,vanilla_matched,42,s_vector_pct,2.0,False,10000,10000,max_iter,3.902805518755218,,,,,,
T1_vanilla_matched_s42,T1,vanilla_matched,42,s_vector_pct,1.0,False,10000,10000,max_iter,3.902805518755218,,,,,,
C3_vanilla_s43,C3,vanilla,43,u_vector_pct,5.0,True,2000,2000,max_iter,0.8022015198424908,700,25.914063600008376,28.068893900010153,28.377249900004244,21.046787900064373,22.808132500125794
C3_vanilla_s43,C3,vanilla,43,u_vector_pct,2.0,True,2000,2000,max_iter,0.8022015198424908,1000,37.409669600005145,39.29811640000844,39.609655599997495,30.494739200134063,32.038653800133034
C3_vanilla_s43,C3,vanilla,43,u_vector_pct,1.0,True,2000,2000,max_iter,0.8022015198424908,1800,70.22997990000295,72.09248469999875,72.40656350000063,57.603873999920324,59.15571259990975
C3_vanilla_s43,C3,vanilla,43,s_vector_pct,5.0,False,2000,2000,max_iter,5.262999424476936,,,,,,
C3_vanilla_s43,C3,vanilla,43,s_vector_pct,2.0,False,2000,2000,max_iter,5.262999424476936,,,,,,
C3_vanilla_s43,C3,vanilla,43,s_vector_pct,1.0,False,2000,2000,max_iter,5.262999424476936,,,,,,
C5_dem_s44,C5,dem,44,u_vector_pct,5.0,True,1000,1000,max_iter,1.4519328229187252,200,7.373072300004424,9.728676700004144,10.479387100000167,4.538339500009897,6.1537051999766845
C5_dem_s44,C5,dem,44,u_vector_pct,2.0,True,1000,1000,max_iter,1.4519328229187252,250,9.728676700004144,11.942262700002175,12.71568720000505,6.1537051999766845,7.614901899956749
C5_dem_s44,C5,dem,44,u_vector_pct,1.0,False,1000,1000,max_iter,1.4519328229187252,,,,,,
C5_dem_s44,C5,dem,44,s_vector_pct,5.0,False,1000,1000,max_iter,12.590146581591874,,,,,,
C5_dem_s44,C5,dem,44,s_vector_pct,2.0,False,1000,1000,max_iter,12.590146581591874,,,,,,
C5_dem_s44,C5,dem,44,s_vector_pct,1.0,False,1000,1000,max_iter,12.590146581591874,,,,,,
C8_fourier_double_s47,C8,fourier_double,47,u_vector_pct,5.0,False,2000,2000,max_iter,22.173304607571698,,,,,,
C8_fourier_double_s47,C8,fourier_double,47,u_vector_pct,2.0,False,2000,2000,max_iter,22.173304607571698,,,,,,
C8_fourier_double_s47,C8,fourier_double,47,u_vector_pct,1.0,False,2000,2000,max_iter,22.173304607571698,,,,,,
C8_fourier_double_s47,C8,fourier_double,47,s_vector_pct,5.0,False,2000,2000,max_iter,11.795945417244727,,,,,,
C8_fourier_double_s47,C8,fourier_double,47,s_vector_pct,2.0,False,2000,2000,max_iter,11.795945417244727,,,,,,
C8_fourier_double_s47,C8,fourier_double,47,s_vector_pct,1.0,False,2000,2000,max_iter,11.795945417244727,,,,,,
C1_anchored_s41,C1,anchored,41,u_vector_pct,5.0,True,2000,2000,max_iter,0.4269661274362536,150,4.768737200000032,6.768256100003782,7.101019499998074,3.744933099987975,5.3940017000059015
C1_anchored_s41,C1,anchored,41,u_vector_pct,2.0,True,2000,2000,max_iter,0.4269661274362536,350,12.949216900000465,14.958706600002188,15.304772499999672,10.55181990001438,12.19812240004103
C1_anchored_s41,C1,anchored,41,u_vector_pct,1.0,True,2000,2000,max_iter,0.4269661274362536,550,20.839351499998884,22.96261329999834,23.308590699998604,17.04316679999465,18.823448100010864
C1_anchored_s41,C1,anchored,41,s_vector_pct,5.0,True,2000,2000,max_iter,3.9300648185519127,1400,55.6353581000003,57.827852299997176,58.15821020000294,46.04387199998018,47.907760699985374
C1_anchored_s41,C1,anchored,41,s_vector_pct,2.0,False,2000,2000,max_iter,3.9300648185519127,,,,,,
C1_anchored_s41,C1,anchored,41,s_vector_pct,1.0,False,2000,2000,max_iter,3.9300648185519127,,,,,,
C8_fourier_s47,C8,fourier,47,u_vector_pct,5.0,True,2000,2000,max_iter,0.12947835869364369,100,2.2218135000002803,4.421366200011107,4.8049265000008745,1.4475347999978112,3.2762047999713104
C8_fourier_s47,C8,fourier,47,u_vector_pct,2.0,True,2000,2000,max_iter,0.12947835869364369,200,6.4659960999997566,8.533414100005757,8.896740700001828,4.925989999988815,6.636039899982279
C8_fourier_s47,C8,fourier,47,u_vector_pct,1.0,True,2000,2000,max_iter,0.12947835869364369,200,6.4659960999997566,8.533414100005757,8.896740700001828,4.925989999988815,6.636039899982279
C8_fourier_s47,C8,fourier,47,s_vector_pct,5.0,True,2000,2000,max_iter,0.4527666401327164,250,8.533414100005757,10.620391100004781,10.982119100008276,6.636039899982279,8.358272099983878
C8_fourier_s47,C8,fourier,47,s_vector_pct,2.0,True,2000,2000,max_iter,0.4527666401327164,400,14.914821200000006,16.967613800006802,17.32290150001063,11.894850300028338,13.6177254000213
C8_fourier_s47,C8,fourier,47,s_vector_pct,1.0,True,2000,2000,max_iter,0.4527666401327164,750,29.932743700002902,32.08216450001055,32.47571980000066,24.25327790011943,26.05057670014503
C3_vanilla_s44,C3,vanilla,44,u_vector_pct,5.0,True,2000,2000,max_iter,1.164710574259623,750,27.302784699990298,29.228681199994753,29.54580629999691,22.209544299854315,23.8085703998222
C3_vanilla_s44,C3,vanilla,44,u_vector_pct,2.0,True,2000,2000,max_iter,1.164710574259623,1450,55.34533839998767,57.46762789999775,57.82417339998938,45.58127249989775,47.318869899914716
C3_vanilla_s44,C3,vanilla,44,u_vector_pct,1.0,False,2000,2000,max_iter,1.164710574259623,,,,,,
C3_vanilla_s44,C3,vanilla,44,s_vector_pct,5.0,False,2000,2000,max_iter,5.710998042556515,,,,,,
C3_vanilla_s44,C3,vanilla,44,s_vector_pct,2.0,False,2000,2000,max_iter,5.710998042556515,,,,,,
C3_vanilla_s44,C3,vanilla,44,s_vector_pct,1.0,False,2000,2000,max_iter,5.710998042556515,,,,,,
C1_fourier_double_s44,C1,fourier_double,44,u_vector_pct,5.0,False,2000,2000,max_iter,62.78506028627946,,,,,,
C1_fourier_double_s44,C1,fourier_double,44,u_vector_pct,2.0,False,2000,2000,max_iter,62.78506028627946,,,,,,
C1_fourier_double_s44,C1,fourier_double,44,u_vector_pct,1.0,False,2000,2000,max_iter,62.78506028627946,,,,,,
C1_fourier_double_s44,C1,fourier_double,44,s_vector_pct,5.0,False,2000,2000,max_iter,52.54588054195049,,,,,,
C1_fourier_double_s44,C1,fourier_double,44,s_vector_pct,2.0,False,2000,2000,max_iter,52.54588054195049,,,,,,
C1_fourier_double_s44,C1,fourier_double,44,s_vector_pct,1.0,False,2000,2000,max_iter,52.54588054195049,,,,,,
C8_anchored_s43,C8,anchored,43,u_vector_pct,5.0,True,2000,2000,max_iter,0.16011879937874104,150,4.081142999988515,6.137264799996046,6.45102439999755,3.0001559999363963,4.623265499860281
C8_anchored_s43,C8,anchored,43,u_vector_pct,2.0,True,2000,2000,max_iter,0.16011879937874104,300,9.980905499993241,11.952264999999898,12.300560199990286,7.836166599910939,9.432562799891457
C8_anchored_s43,C8,anchored,43,u_vector_pct,1.0,True,2000,2000,max_iter,0.16011879937874104,350,11.952264999999898,13.834010699996725,14.154874099986046,9.432562799891457,10.96461829985492
C8_anchored_s43,C8,anchored,43,s_vector_pct,5.0,True,2000,2000,max_iter,0.6990589795937997,400,13.834010699996725,15.939237200000207,16.35352089999651,10.96461829985492,12.74829149992729
C8_anchored_s43,C8,anchored,43,s_vector_pct,2.0,True,2000,2000,max_iter,0.6990589795937997,750,27.903830499999458,29.75883389999217,30.113090599988936,22.675476999793318,24.21939679973002
C8_anchored_s43,C8,anchored,43,s_vector_pct,1.0,True,2000,2000,max_iter,0.6990589795937997,1400,53.31955039998866,55.28662259998964,55.723830699993414,43.63095679959224,45.260228899511276
C1_vanilla_s45,C1,vanilla,45,u_vector_pct,5.0,True,2000,2000,max_iter,1.546071566888286,850,29.803634800002328,32.009764499991434,32.404418199992506,24.429624499898637,26.25515419988369
C1_vanilla_s45,C1,vanilla,45,u_vector_pct,2.0,True,2000,2000,max_iter,1.546071566888286,1500,55.89310950000072,57.88781119999476,58.20800139999483,46.09297469991725,47.740994199964916
C1_vanilla_s45,C1,vanilla,45,u_vector_pct,1.0,False,2000,2000,max_iter,1.546071566888286,,,,,,
C1_vanilla_s45,C1,vanilla,45,s_vector_pct,5.0,False,2000,2000,max_iter,10.116763833761743,,,,,,
C1_vanilla_s45,C1,vanilla,45,s_vector_pct,2.0,False,2000,2000,max_iter,10.116763833761743,,,,,,
C1_vanilla_s45,C1,vanilla,45,s_vector_pct,1.0,False,2000,2000,max_iter,10.116763833761743,,,,,,
C6_xpinn_s45,C6,xpinn,45,u_vector_pct,5.0,False,2000,2000,max_iter,5.2228708136161215,,,,,,
C6_xpinn_s45,C6,xpinn,45,u_vector_pct,2.0,False,2000,2000,max_iter,5.2228708136161215,,,,,,
C6_xpinn_s45,C6,xpinn,45,u_vector_pct,1.0,False,2000,2000,max_iter,5.2228708136161215,,,,,,
C6_xpinn_s45,C6,xpinn,45,s_vector_pct,5.0,False,2000,2000,max_iter,21.264187574368677,,,,,,
C6_xpinn_s45,C6,xpinn,45,s_vector_pct,2.0,False,2000,2000,max_iter,21.264187574368677,,,,,,
C6_xpinn_s45,C6,xpinn,45,s_vector_pct,1.0,False,2000,2000,max_iter,21.264187574368677,,,,,,
C8_independent_gaussian_s42,C8,independent_gaussian,42,u_vector_pct,5.0,True,2000,2000,max_iter,0.12157928205059125,150,4.357444699999178,6.300274799999897,6.665552299993578,3.006968799949391,4.578899299929617
C8_independent_gaussian_s42,C8,independent_gaussian,42,u_vector_pct,2.0,True,2000,2000,max_iter,0.12157928205059125,200,6.300274799999897,8.27688940000371,8.667410499998368,4.578899299929617,6.189689499937231
C8_independent_gaussian_s42,C8,independent_gaussian,42,u_vector_pct,1.0,True,2000,2000,max_iter,0.12157928205059125,350,12.246857000005548,14.199479000002611,14.501946000003954,9.423664799905964,11.07991039987246
C8_independent_gaussian_s42,C8,independent_gaussian,42,s_vector_pct,5.0,True,2000,2000,max_iter,0.6666525359259042,350,12.246857000005548,14.199479000002611,14.501946000003954,9.423664799905964,11.07991039987246
C8_independent_gaussian_s42,C8,independent_gaussian,42,s_vector_pct,2.0,True,2000,2000,max_iter,0.6666525359259042,700,26.161673399998108,27.98801729999832,28.327592600006028,21.10599759958859,22.581433999555884
C8_independent_gaussian_s42,C8,independent_gaussian,42,s_vector_pct,1.0,True,2000,2000,max_iter,0.6666525359259042,1250,48.31192799999553,50.44980780000333,50.839901999992435,39.39032909955131,41.158899199566804
C4_fourier_s41,C4,fourier,41,u_vector_pct,5.0,True,2000,2000,max_iter,0.07920457510401994,100,2.2232647000055294,4.404367300012382,4.765317200013669,1.4758515000867192,3.242563800085918
C4_fourier_s41,C4,fourier,41,u_vector_pct,2.0,True,2000,2000,max_iter,0.07920457510401994,200,6.611659100002726,8.95609430001059,9.32189570000628,5.0870233000896405,7.035701100176084
C4_fourier_s41,C4,fourier,41,u_vector_pct,1.0,True,2000,2000,max_iter,0.07920457510401994,200,6.611659100002726,8.95609430001059,9.32189570000628,5.0870233000896405,7.035701100176084
C4_fourier_s41,C4,fourier,41,s_vector_pct,5.0,True,2000,2000,max_iter,0.40406086394046875,250,8.95609430001059,10.995952299999772,11.32354120000673,7.035701100176084,8.708020400139503
C4_fourier_s41,C4,fourier,41,s_vector_pct,2.0,True,2000,2000,max_iter,0.40406086394046875,450,17.108357600009185,19.161605100001907,19.497214200004237,13.84392880013911,15.578295000057551
C4_fourier_s41,C4,fourier,41,s_vector_pct,1.0,True,2000,2000,max_iter,0.40406086394046875,750,29.56022510000912,31.762865700002294,32.19408260000637,24.19004719995428,26.027373299977626
T1_fourier_s41,T1,fourier,41,u_vector_pct,5.0,True,10000,10000,max_iter,0.16268119702146727,300,17.136047100008,20.350585899999714,21.35491069999989,11.188479700198513,13.385781500241137
T1_fourier_s41,T1,fourier,41,u_vector_pct,2.0,True,10000,10000,max_iter,0.16268119702146727,600,36.63552540000819,39.69657610000286,40.62533590001112,24.54082440029015,26.719402300252113
T1_fourier_s41,T1,fourier,41,u_vector_pct,1.0,True,10000,10000,max_iter,0.16268119702146727,750,45.70159810000041,48.69656730000861,49.62493640001048,30.87170940019132,32.91281100016204
T1_fourier_s41,T1,fourier,41,s_vector_pct,5.0,True,10000,10000,max_iter,0.925039958938475,400,23.490208700008225,26.763097000002745,27.774678100002347,15.519314200326335,17.83817590032413
T1_fourier_s41,T1,fourier,41,s_vector_pct,2.0,True,10000,10000,max_iter,0.925039958938475,1050,64.63959859999886,67.80356510001002,68.75971320000826,43.99634510016767,46.14493720019527
T1_fourier_s41,T1,fourier,41,s_vector_pct,1.0,True,10000,10000,max_iter,0.925039958938475,6650,416.37259350001113,419.40529980001156,420.30496710000443,288.58375900037936,290.7388232003432
C1_vanilla_s41,C1,vanilla,41,u_vector_pct,5.0,True,2000,2000,max_iter,1.1091197603495317,900,32.80859539999801,34.942190000001574,35.23942939999688,27.019072499897447,28.771785999953863
C1_vanilla_s41,C1,vanilla,41,u_vector_pct,2.0,True,2000,2000,max_iter,1.1091197603495317,1350,49.71836359999725,51.53153659999953,51.81949949999398,41.03753279989178,42.542081899911864
C1_vanilla_s41,C1,vanilla,41,u_vector_pct,1.0,False,2000,2000,max_iter,1.1091197603495317,,,,,,
C1_vanilla_s41,C1,vanilla,41,s_vector_pct,5.0,False,2000,2000,max_iter,10.010465404089917,,,,,,
C1_vanilla_s41,C1,vanilla,41,s_vector_pct,2.0,False,2000,2000,max_iter,10.010465404089917,,,,,,
C1_vanilla_s41,C1,vanilla,41,s_vector_pct,1.0,False,2000,2000,max_iter,10.010465404089917,,,,,,
C1_anchored_s46,C1,anchored,46,u_vector_pct,5.0,True,2000,2000,max_iter,0.14695035277275592,200,6.261752600010368,8.135620700006257,8.457434200012358,4.720937599966419,6.272441399953095
C1_anchored_s46,C1,anchored,46,u_vector_pct,2.0,True,2000,2000,max_iter,0.14695035277275592,400,14.334648200005176,16.37932780000847,16.77125440000964,11.42845109985501,13.070833899881109
C1_anchored_s46,C1,anchored,46,u_vector_pct,1.0,True,2000,2000,max_iter,0.14695035277275592,650,25.100110800005496,27.139717900005053,27.547171900005196,20.13938919985958,21.774640699863085
C1_anchored_s46,C1,anchored,46,s_vector_pct,5.0,True,2000,2000,max_iter,3.663921661700737,1350,53.940983300009975,56.078169100001105,56.42089810001198,43.93778689992905,45.721410399957676
C1_anchored_s46,C1,anchored,46,s_vector_pct,2.0,False,2000,2000,max_iter,3.663921661700737,,,,,,
C1_anchored_s46,C1,anchored,46,s_vector_pct,1.0,False,2000,2000,max_iter,3.663921661700737,,,,,,
C1_dem_s48,C1,dem,48,u_vector_pct,5.0,True,1000,1000,max_iter,0.8808780773523981,150,4.771601600004942,7.009520100007649,7.724086200003512,2.7004765000747284,4.209588000114309
C1_dem_s48,C1,dem,48,u_vector_pct,2.0,True,1000,1000,max_iter,0.8808780773523981,250,9.226050800003577,11.40677929999947,12.141640999994706,5.710974800225813,7.170275800177478
C1_dem_s48,C1,dem,48,u_vector_pct,1.0,True,1000,1000,max_iter,0.8808780773523981,750,31.543103999996674,33.863886599996476,34.59296009999525,20.95668300012767,22.552337800123496
C1_dem_s48,C1,dem,48,s_vector_pct,5.0,False,1000,1000,max_iter,7.698738899755905,,,,,,
C1_dem_s48,C1,dem,48,s_vector_pct,2.0,False,1000,1000,max_iter,7.698738899755905,,,,,,
C1_dem_s48,C1,dem,48,s_vector_pct,1.0,False,1000,1000,max_iter,7.698738899755905,,,,,,
C2_fourier_s43,C2,fourier,43,u_vector_pct,5.0,True,2000,2000,max_iter,0.14048741354928754,100,2.142216100008227,4.195379700002377,4.576062799998908,1.4415579000051366,3.1309443999634823
C2_fourier_s43,C2,fourier,43,u_vector_pct,2.0,True,2000,2000,max_iter,0.14048741354928754,250,8.494516799997655,10.609083000003011,10.973219899999094,6.7134352000575745,8.435979400062934
C2_fourier_s43,C2,fourier,43,u_vector_pct,1.0,True,2000,2000,max_iter,0.14048741354928754,300,10.609083000003011,12.920261499995831,13.300057900007232,8.435979400062934,10.382424900031765
C2_fourier_s43,C2,fourier,43,s_vector_pct,5.0,True,2000,2000,max_iter,1.258960326722732,400,15.096519099999568,17.117178800006513,17.45266389999597,12.177108200077782,13.839047600049525
C2_fourier_s43,C2,fourier,43,s_vector_pct,2.0,True,2000,2000,max_iter,1.258960326722732,1000,40.92692100000568,43.247248200001195,43.63944990000164,33.54421820009884,35.43744800009881
C2_fourier_s43,C2,fourier,43,s_vector_pct,1.0,False,2000,2000,max_iter,1.258960326722732,,,,,,
T1_anchored_s45,T1,anchored,45,u_vector_pct,5.0,True,10000,10000,max_iter,0.33762217956333623,600,35.49229039999773,38.470157299991115,39.31617229999392,23.578918699815404,25.692546399804996
T1_anchored_s45,T1,anchored,45,u_vector_pct,2.0,True,10000,10000,max_iter,0.33762217956333623,1150,67.57844009999826,70.39750069999718,71.30194059999485,46.00338749965886,47.97137099959946
T1_anchored_s45,T1,anchored,45,u_vector_pct,1.0,True,10000,10000,max_iter,0.33762217956333623,3500,205.73421059999964,208.57547699999122,209.55500099998608,142.03279969940195,143.9445808994351
T1_anchored_s45,T1,anchored,45,s_vector_pct,5.0,True,10000,10000,max_iter,1.3669625309420368,1050,61.80650339998829,64.69740889999957,65.55121619999409,41.95597819959221,43.97679949965095
T1_anchored_s45,T1,anchored,45,s_vector_pct,2.0,True,10000,10000,max_iter,1.3669625309420368,4550,264.80817459999525,267.8309264999989,268.77370699998573,181.6885810993117,183.76169519934047
T1_anchored_s45,T1,anchored,45,s_vector_pct,1.0,False,10000,10000,max_iter,1.3669625309420368,,,,,,
C7_xpinn_s45,C7,xpinn,45,u_vector_pct,5.0,False,2000,2000,max_iter,6.741824384715176,,,,,,
C7_xpinn_s45,C7,xpinn,45,u_vector_pct,2.0,False,2000,2000,max_iter,6.741824384715176,,,,,,
C7_xpinn_s45,C7,xpinn,45,u_vector_pct,1.0,False,2000,2000,max_iter,6.741824384715176,,,,,,
C7_xpinn_s45,C7,xpinn,45,s_vector_pct,5.0,False,2000,2000,max_iter,28.2886161900765,,,,,,
C7_xpinn_s45,C7,xpinn,45,s_vector_pct,2.0,False,2000,2000,max_iter,28.2886161900765,,,,,,
C7_xpinn_s45,C7,xpinn,45,s_vector_pct,1.0,False,2000,2000,max_iter,28.2886161900765,,,,,,
C6_fourier_s41,C6,fourier,41,u_vector_pct,5.0,True,2000,2000,max_iter,0.3285956057216393,150,4.354008800000884,6.362661499995738,6.688638499996159,3.2688261000148486,4.94573020003736
C6_fourier_s41,C6,fourier,41,u_vector_pct,2.0,True,2000,2000,max_iter,0.3285956057216393,200,6.362661499995738,8.332433599993237,8.64835519999906,4.94573020003736,6.588983700043173
C6_fourier_s41,C6,fourier,41,u_vector_pct,1.0,True,2000,2000,max_iter,0.3285956057216393,350,12.38425940000161,14.41783459999715,14.751470200004405,9.991071700074826,11.66651320004894
C6_fourier_s41,C6,fourier,41,s_vector_pct,5.0,True,2000,2000,max_iter,1.2880329098572318,400,14.41783459999715,16.415278600004967,16.74932469999476,11.66651320004894,13.32984530000249
C6_fourier_s41,C6,fourier,41,s_vector_pct,2.0,True,2000,2000,max_iter,1.2880329098572318,1050,42.30081080000673,44.286691799992695,44.631716599993524,34.975150699872756,36.62237579988141
C6_fourier_s41,C6,fourier,41,s_vector_pct,1.0,False,2000,2000,max_iter,1.2880329098572318,,,,,,
T1_anchored_s42,T1,anchored,42,u_vector_pct,5.0,True,10000,10000,max_iter,0.3261405338958983,450,25.512773000009474,28.314976299996488,29.211542600009125,16.65840630000457,18.51490829999966
T1_anchored_s42,T1,anchored,42,u_vector_pct,2.0,True,10000,10000,max_iter,0.3261405338958983,1900,110.95022379999864,114.14282079999975,115.12232930000755,75.11604639996949,77.39967949996935
T1_anchored_s42,T1,anchored,42,u_vector_pct,1.0,True,10000,10000,max_iter,0.3261405338958983,2950,175.1245462000079,178.51197120000143,179.50888080000004,119.47132189989497,121.75169119994098
T1_anchored_s42,T1,anchored,42,s_vector_pct,5.0,True,10000,10000,max_iter,1.5888087529170452,1100,63.924878000005265,67.02007549999689,67.88926609999908,42.830635600039386,44.95677360003174
T1_anchored_s42,T1,anchored,42,s_vector_pct,2.0,True,10000,10000,max_iter,1.5888087529170452,5250,318.42045900000085,321.6532070999965,322.6191689999978,218.38138099957723,220.619452599567
T1_anchored_s42,T1,anchored,42,s_vector_pct,1.0,False,10000,10000,max_iter,1.5888087529170452,,,,,,
T1_anchored_s43,T1,anchored,43,u_vector_pct,5.0,True,10000,10000,max_iter,0.4782107591091593,500,26.495329400000628,29.36559020000277,30.343154500005767,17.32449630003248,19.389896700027748
T1_anchored_s43,T1,anchored,43,u_vector_pct,2.0,True,10000,10000,max_iter,0.4782107591091593,1000,54.198679599998286,56.99850499999593,57.940683100008755,36.089521500180126,38.0787918001588
T1_anchored_s43,T1,anchored,43,u_vector_pct,1.0,True,10000,10000,max_iter,0.4782107591091593,5550,313.098519200008,315.7331680000061,316.65442040000926,211.33430680044694,213.05083410044608
T1_anchored_s43,T1,anchored,43,s_vector_pct,5.0,True,10000,10000,max_iter,1.207182858176918,1200,66.25661820000096,69.14284070000576,70.10734719999891,44.35051410003507,46.309718400007114
T1_anchored_s43,T1,anchored,43,s_vector_pct,2.0,True,10000,10000,max_iter,1.207182858176918,4550,262.42479319999984,264.90656200000376,265.8439911000023,178.61593610041018,180.1987211004598
T1_anchored_s43,T1,anchored,43,s_vector_pct,1.0,False,10000,10000,max_iter,1.207182858176918,,,,,,
C1_fourier_half_s42,C1,fourier_half,42,u_vector_pct,5.0,True,2000,2000,max_iter,0.3024618913604403,100,2.2565105999965454,4.44664300000295,4.844845100000384,1.4603694999823347,3.2732012000633404
C1_fourier_half_s42,C1,fourier_half,42,u_vector_pct,2.0,True,2000,2000,max_iter,0.3024618913604403,200,6.738671900006011,8.75397229999362,9.119435500004329,5.13244010003109,6.765757500004838
C1_fourier_half_s42,C1,fourier_half,42,u_vector_pct,1.0,True,2000,2000,max_iter,0.3024618913604403,350,13.146329700000933,15.466815199994016,15.871740799993859,10.393292100125109,12.329954000073485
C1_fourier_half_s42,C1,fourier_half,42,s_vector_pct,5.0,True,2000,2000,max_iter,2.5799015465575903,850,34.15016299999843,36.23054750000301,36.54725889999827,27.869160600021132,29.593441800010623
C1_fourier_half_s42,C1,fourier_half,42,s_vector_pct,2.0,False,2000,2000,max_iter,2.5799015465575903,,,,,,
C1_fourier_half_s42,C1,fourier_half,42,s_vector_pct,1.0,False,2000,2000,max_iter,2.5799015465575903,,,,,,
C5_fourier_s42,C5,fourier,42,u_vector_pct,5.0,True,2000,2000,max_iter,0.138357795473496,100,2.22735190000094,4.278117800000473,4.666969400001108,1.4572691999783274,3.1633404999010963
C5_fourier_s42,C5,fourier,42,u_vector_pct,2.0,True,2000,2000,max_iter,0.138357795473496,200,6.616345699992962,8.908505799990962,9.303779099995154,5.110562299974845,7.02579980007431
C5_fourier_s42,C5,fourier,42,u_vector_pct,1.0,True,2000,2000,max_iter,0.138357795473496,250,8.908505799990962,11.146984899998643,11.508383199994569,7.02579980007431,8.867367300044862
C5_fourier_s42,C5,fourier,42,s_vector_pct,5.0,True,2000,2000,max_iter,0.618478086477439,300,11.146984899998643,13.245602099996177,13.598718199995346,8.867367300044862,10.604095999980927
C5_fourier_s42,C5,fourier,42,s_vector_pct,2.0,True,2000,2000,max_iter,0.618478086477439,600,23.47011819999898,25.64533189999929,26.052971299999626,18.9862139000179,20.782263499946566
C5_fourier_s42,C5,fourier,42,s_vector_pct,1.0,True,2000,2000,max_iter,0.618478086477439,1100,45.221492999990005,47.31885589999729,47.730805500003044,36.9789961000788,38.70975240008556
C1_independent_marginal_s48,C1,independent_marginal,48,u_vector_pct,5.0,True,2000,2000,max_iter,0.38847186731457434,100,2.0214453999942634,4.24116160000267,4.66665820000344,1.2658414999750676,3.088350999998511
C1_independent_marginal_s48,C1,independent_marginal,48,u_vector_pct,2.0,True,2000,2000,max_iter,0.38847186731457434,250,8.536838999993051,10.471411599995918,10.825848499996937,6.547305700019933,8.118477900046855
C1_independent_marginal_s48,C1,independent_marginal,48,u_vector_pct,1.0,True,2000,2000,max_iter,0.38847186731457434,450,16.603184699997655,18.486323999997694,18.812946799997007,13.08076829998754,14.653232599972398
C1_independent_marginal_s48,C1,independent_marginal,48,s_vector_pct,5.0,True,2000,2000,max_iter,4.0864090112233775,1500,58.45285679999506,60.653791699995054,61.06940619999659,47.85321330014267,49.69514630010235
C1_independent_marginal_s48,C1,independent_marginal,48,s_vector_pct,2.0,False,2000,2000,max_iter,4.0864090112233775,,,,,,
C1_independent_marginal_s48,C1,independent_marginal,48,s_vector_pct,1.0,False,2000,2000,max_iter,4.0864090112233775,,,,,,
C4_dem_s42,C4,dem,42,u_vector_pct,5.0,True,1000,1000,max_iter,41.58466428258477,200,7.111147800009348,9.307387699998799,10.054239999997662,4.310173499994562,5.828564499985077
C4_dem_s42,C4,dem,42,u_vector_pct,2.0,True,1000,1000,max_iter,41.58466428258477,250,9.307387699998799,11.57882840000093,12.305517800006783,5.828564499985077,7.350998000038089
C4_dem_s42,C4,dem,42,u_vector_pct,1.0,True,1000,1000,max_iter,41.58466428258477,300,11.57882840000093,13.764948900003219,14.47486800000479,7.350998000038089,8.809902200024226
C4_dem_s42,C4,dem,42,s_vector_pct,5.0,False,1000,1000,max_iter,198.48266093554244,,,,,,
C4_dem_s42,C4,dem,42,s_vector_pct,2.0,False,1000,1000,max_iter,198.48266093554244,,,,,,
C4_dem_s42,C4,dem,42,s_vector_pct,1.0,False,1000,1000,max_iter,198.48266093554244,,,,,,
C8_fourier_double_s43,C8,fourier_double,43,u_vector_pct,5.0,False,2000,2000,max_iter,5.730118194425705,,,,,,
C8_fourier_double_s43,C8,fourier_double,43,u_vector_pct,2.0,False,2000,2000,max_iter,5.730118194425705,,,,,,
C8_fourier_double_s43,C8,fourier_double,43,u_vector_pct,1.0,False,2000,2000,max_iter,5.730118194425705,,,,,,
C8_fourier_double_s43,C8,fourier_double,43,s_vector_pct,5.0,True,2000,2000,max_iter,4.986721379213478,2000,84.6853592999978,86.84854649999761,87.2151251000032,69.81326159987657,71.59522479999578
C8_fourier_double_s43,C8,fourier_double,43,s_vector_pct,2.0,False,2000,2000,max_iter,4.986721379213478,,,,,,
C8_fourier_double_s43,C8,fourier_double,43,s_vector_pct,1.0,False,2000,2000,max_iter,4.986721379213478,,,,,,
C2_anchored_s41,C2,anchored,41,u_vector_pct,5.0,True,2000,2000,max_iter,0.2550338920010739,150,4.326595599995926,6.324224399999366,6.687362900003791,3.200761600077385,4.83753280005476
C2_anchored_s41,C2,anchored,41,u_vector_pct,2.0,True,2000,2000,max_iter,0.2550338920010739,200,6.324224399999366,8.33049690000189,8.7458706000034,4.83753280005476,6.480123400120647
C2_anchored_s41,C2,anchored,41,u_vector_pct,1.0,True,2000,2000,max_iter,0.2550338920010739,400,14.327059600007487,16.48985929999617,16.877362500003073,11.342303800076479,13.082261700066738
C2_anchored_s41,C2,anchored,41,s_vector_pct,5.0,True,2000,2000,max_iter,2.247155728217963,650,24.81221820000792,27.0103431000025,27.358624400003464,19.857130800111918,21.706361300108256
C2_anchored_s41,C2,anchored,41,s_vector_pct,2.0,False,2000,2000,max_iter,2.247155728217963,,,,,,
C2_anchored_s41,C2,anchored,41,s_vector_pct,1.0,False,2000,2000,max_iter,2.247155728217963,,,,,,
C2_dem_s44,C2,dem,44,u_vector_pct,5.0,True,1000,1000,max_iter,0.7650774805919915,200,7.082602599999518,9.120717799989507,9.814809599993168,4.187952800042694,5.583702100018854
C2_dem_s44,C2,dem,44,u_vector_pct,2.0,True,1000,1000,max_iter,0.7650774805919915,200,7.082602599999518,9.120717799989507,9.814809599993168,4.187952800042694,5.583702100018854
C2_dem_s44,C2,dem,44,u_vector_pct,1.0,True,1000,1000,max_iter,0.7650774805919915,450,17.376275499991607,19.487865999995847,20.162206199995126,11.185330300038913,12.618384500048705
C2_dem_s44,C2,dem,44,s_vector_pct,5.0,False,1000,1000,max_iter,8.104331081498913,,,,,,
C2_dem_s44,C2,dem,44,s_vector_pct,2.0,False,1000,1000,max_iter,8.104331081498913,,,,,,
C2_dem_s44,C2,dem,44,s_vector_pct,1.0,False,1000,1000,max_iter,8.104331081498913,,,,,,
C6_vanilla_s42,C6,vanilla,42,u_vector_pct,5.0,True,2000,2000,max_iter,2.619741835774891,1450,54.23164080000424,56.10673260000476,56.477701299998444,44.341804999727174,45.902257499750704
C6_vanilla_s42,C6,vanilla,42,u_vector_pct,2.0,False,2000,2000,max_iter,2.619741835774891,,,,,,
C6_vanilla_s42,C6,vanilla,42,u_vector_pct,1.0,False,2000,2000,max_iter,2.619741835774891,,,,,,
C6_vanilla_s42,C6,vanilla,42,s_vector_pct,5.0,False,2000,2000,max_iter,8.847388104391056,,,,,,
C6_vanilla_s42,C6,vanilla,42,s_vector_pct,2.0,False,2000,2000,max_iter,8.847388104391056,,,,,,
C6_vanilla_s42,C6,vanilla,42,s_vector_pct,1.0,False,2000,2000,max_iter,8.847388104391056,,,,,,
C8_independent_marginal_s43,C8,independent_marginal,43,u_vector_pct,5.0,True,2000,2000,max_iter,0.08604316976802426,200,6.045210299998871,8.169508100007079,8.553147700004047,4.552695300022606,6.295195300015621
C8_independent_marginal_s43,C8,independent_marginal,43,u_vector_pct,2.0,True,2000,2000,max_iter,0.08604316976802426,300,10.323183500004234,12.452403800009051,12.798953400008031,8.06348530005198,9.804223600032856
C8_independent_marginal_s43,C8,independent_marginal,43,u_vector_pct,1.0,True,2000,2000,max_iter,0.08604316976802426,350,12.452403800009051,14.439409300000989,14.785282500000903,9.804223600032856,11.442968099974678
C8_independent_marginal_s43,C8,independent_marginal,43,s_vector_pct,5.0,True,2000,2000,max_iter,0.5368178966338232,300,10.323183500004234,12.452403800009051,12.798953400008031,8.06348530005198,9.804223600032856
C8_independent_marginal_s43,C8,independent_marginal,43,s_vector_pct,2.0,True,2000,2000,max_iter,0.5368178966338232,550,19.70906219999597,21.58994459999667,21.941148099998827,15.648304499976803,17.180416499904823
C8_independent_marginal_s43,C8,independent_marginal,43,s_vector_pct,1.0,True,2000,2000,max_iter,0.5368178966338232,1000,37.84130990000267,39.853807200008305,40.2103105999995,30.601448099987465,32.25882499993895
C2_fourier_s45,C2,fourier,45,u_vector_pct,5.0,True,2000,2000,max_iter,0.40106694304433665,100,2.1637077999912435,4.308324899990112,4.67731410000124,1.4377027999580605,3.2247682998568052
C2_fourier_s45,C2,fourier,45,u_vector_pct,2.0,True,2000,2000,max_iter,0.40106694304433665,150,4.308324899990112,6.467463900000439,6.857780999998795,3.2247682998568052,5.013137899833964
C2_fourier_s45,C2,fourier,45,u_vector_pct,1.0,True,2000,2000,max_iter,0.40106694304433665,600,23.56694279999647,25.725496200000634,26.042939999999362,19.196329899918055,20.955184899954475
C2_fourier_s45,C2,fourier,45,s_vector_pct,5.0,True,2000,2000,max_iter,1.672499111793327,400,14.77368209999986,16.925666799987084,17.30358449999767,11.898289599950658,13.719076899957145
C2_fourier_s45,C2,fourier,45,s_vector_pct,2.0,True,2000,2000,max_iter,1.672499111793327,1500,61.76388849999057,64.03141919999325,64.43215649999911,50.84723459999077,52.72639899994829
C2_fourier_s45,C2,fourier,45,s_vector_pct,1.0,False,2000,2000,max_iter,1.672499111793327,,,,,,
C1_independent_gaussian_s41,C1,independent_gaussian,41,u_vector_pct,5.0,True,2000,2000,max_iter,0.25390687271587775,150,4.086634599996614,6.077606799997739,6.424782100002631,3.009171400059131,4.639410900083021
C1_independent_gaussian_s41,C1,independent_gaussian,41,u_vector_pct,2.0,True,2000,2000,max_iter,0.25390687271587775,300,10.166213999997126,12.152175700000953,12.502518900000723,8.041192000055162,9.684038000057626
C1_independent_gaussian_s41,C1,independent_gaussian,41,u_vector_pct,1.0,True,2000,2000,max_iter,0.25390687271587775,450,16.26601479999954,18.430116499999713,18.756625599999097,13.102357799994934,14.92504519999784
C1_independent_gaussian_s41,C1,independent_gaussian,41,s_vector_pct,5.0,True,2000,2000,max_iter,3.2548519372218543,1100,43.644552300000214,45.71170849999908,46.075347600002715,35.9125952000104,37.634484299996984
C1_independent_gaussian_s41,C1,independent_gaussian,41,s_vector_pct,2.0,False,2000,2000,max_iter,3.2548519372218543,,,,,,
C1_independent_gaussian_s41,C1,independent_gaussian,41,s_vector_pct,1.0,False,2000,2000,max_iter,3.2548519372218543,,,,,,
T1_anchored_s44,T1,anchored,44,u_vector_pct,5.0,True,10000,10000,max_iter,0.24769588724081093,550,28.855168900001445,31.744645200000377,32.67341160000069,19.214611900097225,21.224307600103202
T1_anchored_s44,T1,anchored,44,u_vector_pct,2.0,True,10000,10000,max_iter,0.24769588724081093,1150,64.23604630000773,67.3251092999999,68.29128970000602,43.59443200012902,45.76095710018126
T1_anchored_s44,T1,anchored,44,u_vector_pct,1.0,True,10000,10000,max_iter,0.24769588724081093,3100,184.922498800006,187.85439829999814,188.86052230000496,123.95868490019348,125.94165700011945
T1_anchored_s44,T1,anchored,44,s_vector_pct,5.0,True,10000,10000,max_iter,1.1474674653700612,1150,64.23604630000773,67.3251092999999,68.29128970000602,43.59443200012902,45.76095710018126
T1_anchored_s44,T1,anchored,44,s_vector_pct,2.0,True,10000,10000,max_iter,1.1474674653700612,4000,242.70763160000206,245.5504237999994,246.4736103000032,161.56031980003172,163.46605449999333
T1_anchored_s44,T1,anchored,44,s_vector_pct,1.0,False,10000,10000,max_iter,1.1474674653700612,,,,,,
C2_dem_s41,C2,dem,41,u_vector_pct,5.0,True,1000,1000,max_iter,1.0164328531467144,200,7.7502499999973224,9.719975600004545,10.394069899994065,4.738244299864164,5.975928599844337
C2_dem_s41,C2,dem,41,u_vector_pct,2.0,True,1000,1000,max_iter,1.0164328531467144,250,9.719975600004545,11.849488299994846,12.566533400007756,5.975928599844337,7.4287873998400755
C2_dem_s41,C2,dem,41,u_vector_pct,1.0,True,1000,1000,max_iter,1.0164328531467144,450,19.14897560000827,21.51733879999665,22.287190000002738,12.51569999991625,14.159159799848567
C2_dem_s41,C2,dem,41,s_vector_pct,5.0,False,1000,1000,max_iter,8.367554939738342,,,,,,
C2_dem_s41,C2,dem,41,s_vector_pct,2.0,False,1000,1000,max_iter,8.367554939738342,,,,,,
C2_dem_s41,C2,dem,41,s_vector_pct,1.0,False,1000,1000,max_iter,8.367554939738342,,,,,,
C1_vanilla_matched_s42,C1,vanilla_matched,42,u_vector_pct,5.0,True,2000,2000,max_iter,0.9849816772461784,850,32.5726347000018,34.659508700002334,34.99039420000918,26.611246299973573,28.372756499884417
C1_vanilla_matched_s42,C1,vanilla_matched,42,u_vector_pct,2.0,True,2000,2000,max_iter,0.9849816772461784,1500,56.86557000000903,58.55618900000991,58.86766560000251,46.52438300001086,47.889785799983656
C1_vanilla_matched_s42,C1,vanilla_matched,42,u_vector_pct,1.0,True,2000,2000,max_iter,0.9849816772461784,2000,75.07820920000086,76.94341800000984,77.28468979999889,61.580631099961465,63.14802590000909
C1_vanilla_matched_s42,C1,vanilla_matched,42,s_vector_pct,5.0,False,2000,2000,max_iter,12.073897009477824,,,,,,
C1_vanilla_matched_s42,C1,vanilla_matched,42,s_vector_pct,2.0,False,2000,2000,max_iter,12.073897009477824,,,,,,
C1_vanilla_matched_s42,C1,vanilla_matched,42,s_vector_pct,1.0,False,2000,2000,max_iter,12.073897009477824,,,,,,
C1_fourier_s45,C1,fourier,45,u_vector_pct,5.0,True,2000,2000,max_iter,1.044542498125598,150,4.070263900008285,6.027379600011045,6.384330900007626,3.0144622000516392,4.6447092000889825
C1_fourier_s45,C1,fourier,45,u_vector_pct,2.0,True,2000,2000,max_iter,1.044542498125598,550,21.268031500003417,23.317136099998606,23.720049800002016,17.238342499971623,18.967656199951307
C1_fourier_s45,C1,fourier,45,u_vector_pct,1.0,False,2000,2000,max_iter,1.044542498125598,,,,,,
C1_fourier_s45,C1,fourier,45,s_vector_pct,5.0,True,2000,2000,max_iter,4.513682090305815,1550,63.368865299999015,65.42608770000516,65.74764440000581,52.020633599953726,53.72466089986847
C1_fourier_s45,C1,fourier,45,s_vector_pct,2.0,False,2000,2000,max_iter,4.513682090305815,,,,,,
C1_fourier_s45,C1,fourier,45,s_vector_pct,1.0,False,2000,2000,max_iter,4.513682090305815,,,,,,
C7_fourier_s45,C7,fourier,45,u_vector_pct,5.0,True,2000,2000,max_iter,0.7278290068541279,150,4.189554899989162,6.353903099996387,6.66499429999385,3.0964208000223152,4.859424000023864
C7_fourier_s45,C7,fourier,45,u_vector_pct,2.0,True,2000,2000,max_iter,0.7278290068541279,300,10.324772899999516,12.293021199991927,12.669599799992284,8.188061300097615,9.819340700050816
C7_fourier_s45,C7,fourier,45,u_vector_pct,1.0,True,2000,2000,max_iter,0.7278290068541279,1300,52.70067929998913,54.83289130000048,55.169333899990306,43.309960099999444,45.05472880000889
C7_fourier_s45,C7,fourier,45,s_vector_pct,5.0,True,2000,2000,max_iter,3.411617077415676,1050,41.690662399996654,43.81793309999921,44.207139899997856,34.23190200002864,35.98410840006545
C7_fourier_s45,C7,fourier,45,s_vector_pct,2.0,False,2000,2000,max_iter,3.411617077415676,,,,,,
C7_fourier_s45,C7,fourier,45,s_vector_pct,1.0,False,2000,2000,max_iter,3.411617077415676,,,,,,
C5_xpinn_s44,C5,xpinn,44,u_vector_pct,5.0,False,2000,2000,max_iter,6.782575844340798,,,,,,
C5_xpinn_s44,C5,xpinn,44,u_vector_pct,2.0,False,2000,2000,max_iter,6.782575844340798,,,,,,
C5_xpinn_s44,C5,xpinn,44,u_vector_pct,1.0,False,2000,2000,max_iter,6.782575844340798,,,,,,
C5_xpinn_s44,C5,xpinn,44,s_vector_pct,5.0,False,2000,2000,max_iter,20.342810556379042,,,,,,
C5_xpinn_s44,C5,xpinn,44,s_vector_pct,2.0,False,2000,2000,max_iter,20.342810556379042,,,,,,
C5_xpinn_s44,C5,xpinn,44,s_vector_pct,1.0,False,2000,2000,max_iter,20.342810556379042,,,,,,
C8_independent_gaussian_s43,C8,independent_gaussian,43,u_vector_pct,5.0,True,2000,2000,max_iter,0.059432443715117106,150,4.032679500000086,5.9340971000056015,6.240466000002925,2.9217348000674974,4.4558246000960935
C8_independent_gaussian_s43,C8,independent_gaussian,43,u_vector_pct,2.0,True,2000,2000,max_iter,0.059432443715117106,250,7.871321300001,9.88150790000509,10.177932100006728,6.086111700089532,7.790581000139355
C8_independent_gaussian_s43,C8,independent_gaussian,43,u_vector_pct,1.0,True,2000,2000,max_iter,0.059432443715117106,300,9.88150790000509,11.859631100000115,12.206788600000436,7.790581000139355,9.471738200169057
C8_independent_gaussian_s43,C8,independent_gaussian,43,s_vector_pct,5.0,True,2000,2000,max_iter,0.4568738566439037,300,9.88150790000509,11.859631100000115,12.206788600000436,7.790581000139355,9.471738200169057
C8_independent_gaussian_s43,C8,independent_gaussian,43,s_vector_pct,2.0,True,2000,2000,max_iter,0.4568738566439037,600,22.28390049999871,24.426841799999238,24.794133500006865,17.996982500277227,19.768704200338107
C8_independent_gaussian_s43,C8,independent_gaussian,43,s_vector_pct,1.0,True,2000,2000,max_iter,0.4568738566439037,1000,39.49821670001256,41.68562000000384,42.02787070001068,32.17367360040953,33.994987600439345
C1_independent_gaussian_s45,C1,independent_gaussian,45,u_vector_pct,5.0,True,2000,2000,max_iter,0.2828803995767678,150,4.014420499996049,6.22838810000394,6.618474899994908,2.9243188999971608,4.731654000031995
C1_independent_gaussian_s45,C1,independent_gaussian,45,u_vector_pct,2.0,True,2000,2000,max_iter,0.2828803995767678,300,10.229035500000464,12.184585199996945,12.528149999998277,7.969202899970696,9.590253700022004
C1_independent_gaussian_s45,C1,independent_gaussian,45,u_vector_pct,1.0,True,2000,2000,max_iter,0.2828803995767678,600,22.780696500005433,24.953541099996073,25.357864699995844,18.380024899888667,20.184536899920204
C1_independent_gaussian_s45,C1,independent_gaussian,45,s_vector_pct,5.0,True,2000,2000,max_iter,3.246415225862477,1250,50.1898424999963,52.366720299993176,52.74802660000569,40.980283300130395,42.76207950015669
C1_independent_gaussian_s45,C1,independent_gaussian,45,s_vector_pct,2.0,False,2000,2000,max_iter,3.246415225862477,,,,,,
C1_independent_gaussian_s45,C1,independent_gaussian,45,s_vector_pct,1.0,False,2000,2000,max_iter,3.246415225862477,,,,,,
C8_anchored_s42,C8,anchored,42,u_vector_pct,5.0,True,2000,2000,max_iter,0.14944390801611915,150,4.344446400005836,6.50647680000111,6.890059700002894,3.1523293999925954,4.954835600001388
C8_anchored_s42,C8,anchored,42,u_vector_pct,2.0,True,2000,2000,max_iter,0.14944390801611915,250,8.65887909999583,10.718951000002562,11.032430999999633,6.723040200056857,8.414057899994077
C8_anchored_s42,C8,anchored,42,u_vector_pct,1.0,True,2000,2000,max_iter,0.14944390801611915,400,14.52869350000401,16.479195799998706,16.846180799999274,11.597198900024523,13.23251770006027
C8_anchored_s42,C8,anchored,42,s_vector_pct,5.0,True,2000,2000,max_iter,1.0561635158920635,500,18.651858600002015,20.85067220000201,21.183616599999368,15.03515740003786,16.860293600038858
C8_anchored_s42,C8,anchored,42,s_vector_pct,2.0,True,2000,2000,max_iter,1.0561635158920635,1100,43.62215229999856,45.48235950000526,45.83143689999997,35.48519529987243,36.97198409982957
C8_anchored_s42,C8,anchored,42,s_vector_pct,1.0,False,2000,2000,max_iter,1.0561635158920635,,,,,,
C1_dem_s43,C1,dem,43,u_vector_pct,5.0,True,1000,1000,max_iter,0.7557920025990215,200,6.5899633999943035,8.961475100004463,9.736621799995191,3.7673669999931008,5.36961059999885
C1_dem_s43,C1,dem,43,u_vector_pct,2.0,True,1000,1000,max_iter,0.7557920025990215,250,8.961475100004463,11.22865279999678,12.031478699995205,5.36961059999885,6.8587654000439215
C1_dem_s43,C1,dem,43,u_vector_pct,1.0,True,1000,1000,max_iter,0.7557920025990215,700,29.334305800002767,31.610834699997213,32.335668100000476,19.058569899876602,20.62002349991235
C1_dem_s43,C1,dem,43,s_vector_pct,5.0,False,1000,1000,max_iter,8.1416951925628,,,,,,
C1_dem_s43,C1,dem,43,s_vector_pct,2.0,False,1000,1000,max_iter,8.1416951925628,,,,,,
C1_dem_s43,C1,dem,43,s_vector_pct,1.0,False,1000,1000,max_iter,8.1416951925628,,,,,,
C4_xpinn_s44,C4,xpinn,44,u_vector_pct,5.0,False,2000,2000,max_iter,5.357709443073584,,,,,,
C4_xpinn_s44,C4,xpinn,44,u_vector_pct,2.0,False,2000,2000,max_iter,5.357709443073584,,,,,,
C4_xpinn_s44,C4,xpinn,44,u_vector_pct,1.0,False,2000,2000,max_iter,5.357709443073584,,,,,,
C4_xpinn_s44,C4,xpinn,44,s_vector_pct,5.0,False,2000,2000,max_iter,21.445175649819653,,,,,,
C4_xpinn_s44,C4,xpinn,44,s_vector_pct,2.0,False,2000,2000,max_iter,21.445175649819653,,,,,,
C4_xpinn_s44,C4,xpinn,44,s_vector_pct,1.0,False,2000,2000,max_iter,21.445175649819653,,,,,,
T1_fourier_s44,T1,fourier,44,u_vector_pct,5.0,True,10000,10000,max_iter,0.5247210524753734,200,11.628121000001556,15.359723900008248,16.432497700006934,7.194534299909719,9.812561499900767
T1_fourier_s44,T1,fourier,44,u_vector_pct,2.0,True,10000,10000,max_iter,0.5247210524753734,400,26.210149100006674,29.840326600009575,30.956678700007615,17.36983769980725,19.945629699825076
T1_fourier_s44,T1,fourier,44,u_vector_pct,1.0,True,10000,10000,max_iter,0.5247210524753734,600,42.19423390000884,45.673033800005214,48.258979599995655,27.57361279989709,29.993876799868303
T1_fourier_s44,T1,fourier,44,s_vector_pct,5.0,True,10000,10000,max_iter,1.1870738856390128,400,26.210149100006674,29.840326600009575,30.956678700007615,17.36983769980725,19.945629699825076
T1_fourier_s44,T1,fourier,44,s_vector_pct,2.0,True,10000,10000,max_iter,1.1870738856390128,1100,83.27549960000033,86.81087490000937,87.87829210000928,53.78938189987093,56.261838999940665
T1_fourier_s44,T1,fourier,44,s_vector_pct,1.0,False,10000,10000,max_iter,1.1870738856390128,,,,,,
C5_xpinn_s41,C5,xpinn,41,u_vector_pct,5.0,False,2000,2000,max_iter,6.1650552508334995,,,,,,
C5_xpinn_s41,C5,xpinn,41,u_vector_pct,2.0,False,2000,2000,max_iter,6.1650552508334995,,,,,,
C5_xpinn_s41,C5,xpinn,41,u_vector_pct,1.0,False,2000,2000,max_iter,6.1650552508334995,,,,,,
C5_xpinn_s41,C5,xpinn,41,s_vector_pct,5.0,False,2000,2000,max_iter,20.33983032852709,,,,,,
C5_xpinn_s41,C5,xpinn,41,s_vector_pct,2.0,False,2000,2000,max_iter,20.33983032852709,,,,,,
C5_xpinn_s41,C5,xpinn,41,s_vector_pct,1.0,False,2000,2000,max_iter,20.33983032852709,,,,,,
C5_vanilla_s42,C5,vanilla,42,u_vector_pct,5.0,True,2000,2000,max_iter,1.4305357617709074,950,34.416895700007444,36.63472490001004,36.989815100008855,28.176397799878032,30.015164899887168
C5_vanilla_s42,C5,vanilla,42,u_vector_pct,2.0,True,2000,2000,max_iter,1.4305357617709074,1650,63.718114400006016,65.96847810001054,66.37146150000626,52.52877209974395,54.40872569978819
C5_vanilla_s42,C5,vanilla,42,u_vector_pct,1.0,False,2000,2000,max_iter,1.4305357617709074,,,,,,
C5_vanilla_s42,C5,vanilla,42,s_vector_pct,5.0,False,2000,2000,max_iter,5.759148530291681,,,,,,
C5_vanilla_s42,C5,vanilla,42,s_vector_pct,2.0,False,2000,2000,max_iter,5.759148530291681,,,,,,
C5_vanilla_s42,C5,vanilla,42,s_vector_pct,1.0,False,2000,2000,max_iter,5.759148530291681,,,,,,
C4_vanilla_s44,C4,vanilla,44,u_vector_pct,5.0,True,2000,2000,max_iter,1.5342711774281454,900,35.05658159998711,37.13039199999184,37.45757519999461,28.631630699936068,30.332349399875966
C4_vanilla_s44,C4,vanilla,44,u_vector_pct,2.0,True,2000,2000,max_iter,1.5342711774281454,1650,64.70318219999899,66.63100139999005,66.91623469999467,53.29253860023164,54.88737140028388
C4_vanilla_s44,C4,vanilla,44,u_vector_pct,1.0,False,2000,2000,max_iter,1.5342711774281454,,,,,,
C4_vanilla_s44,C4,vanilla,44,s_vector_pct,5.0,False,2000,2000,max_iter,6.77659132837887,,,,,,
C4_vanilla_s44,C4,vanilla,44,s_vector_pct,2.0,False,2000,2000,max_iter,6.77659132837887,,,,,,
C4_vanilla_s44,C4,vanilla,44,s_vector_pct,1.0,False,2000,2000,max_iter,6.77659132837887,,,,,,
C6_dem_s45,C6,dem,45,u_vector_pct,5.0,True,1000,1000,max_iter,331.801489894013,200,7.086612699989928,9.34399459999986,10.07886549999239,4.147435999970185,5.648234399995999
C6_dem_s45,C6,dem,45,u_vector_pct,2.0,True,1000,1000,max_iter,331.801489894013,550,22.430786199998693,24.479105499995057,25.15431030000036,14.373235799997929,15.768768699999782
C6_dem_s45,C6,dem,45,u_vector_pct,1.0,False,1000,1000,max_iter,331.801489894013,,,,,,
C6_dem_s45,C6,dem,45,s_vector_pct,5.0,False,1000,1000,max_iter,1515.8092528857642,,,,,,
C6_dem_s45,C6,dem,45,s_vector_pct,2.0,False,1000,1000,max_iter,1515.8092528857642,,,,,,
C6_dem_s45,C6,dem,45,s_vector_pct,1.0,False,1000,1000,max_iter,1515.8092528857642,,,,,,
C8_independent_gaussian_s47,C8,independent_gaussian,47,u_vector_pct,5.0,True,2000,2000,max_iter,0.07461636736416305,150,4.095123199993395,6.020066500001121,6.376471600000514,2.9746800999419065,4.521491099934792
C8_independent_gaussian_s47,C8,independent_gaussian,47,u_vector_pct,2.0,True,2000,2000,max_iter,0.07461636736416305,250,8.011554500000784,10.14262040000176,10.499575199995888,6.155987299891422,7.920803799890564
C8_independent_gaussian_s47,C8,independent_gaussian,47,u_vector_pct,1.0,True,2000,2000,max_iter,0.07461636736416305,350,12.16002289998869,14.196823499994935,14.555997799994657,9.580668899885495,11.27308279988938
C8_independent_gaussian_s47,C8,independent_gaussian,47,s_vector_pct,5.0,True,2000,2000,max_iter,0.5674659923685793,350,12.16002289998869,14.196823499994935,14.555997799994657,9.580668899885495,11.27308279988938
C8_independent_gaussian_s47,C8,independent_gaussian,47,s_vector_pct,2.0,True,2000,2000,max_iter,0.5674659923685793,750,28.28656989999581,30.195072699993034,30.502468799997587,22.939585999920382,24.526041799923405
C8_independent_gaussian_s47,C8,independent_gaussian,47,s_vector_pct,1.0,True,2000,2000,max_iter,0.5674659923685793,1250,48.43550019999384,50.52555149998807,50.86926769999263,39.57585419989482,41.29609099989466
C3_anchored_s45,C3,anchored,45,u_vector_pct,5.0,True,2000,2000,max_iter,0.09401510581179008,150,3.9565769999899203,5.840695699997013,6.180023599998094,2.812604399921838,4.372189199915738
C3_anchored_s45,C3,anchored,45,u_vector_pct,2.0,True,2000,2000,max_iter,0.09401510581179008,450,16.618935199992848,18.634254599994165,18.958590299997013,13.272067000012612,14.91213499996229
C3_anchored_s45,C3,anchored,45,u_vector_pct,1.0,True,2000,2000,max_iter,0.09401510581179008,500,18.634254599994165,20.62030299998878,20.946392300000298,14.91213499996229,16.573327599966433
C3_anchored_s45,C3,anchored,45,s_vector_pct,5.0,True,2000,2000,max_iter,1.0646536413328704,500,18.634254599994165,20.62030299998878,20.946392300000298,14.91213499996229,16.573327599966433
C3_anchored_s45,C3,anchored,45,s_vector_pct,2.0,True,2000,2000,max_iter,1.0646536413328704,1050,40.423561099989456,42.4233028999879,42.75410939998983,32.79351989994757,34.46233799989568
C3_anchored_s45,C3,anchored,45,s_vector_pct,1.0,False,2000,2000,max_iter,1.0646536413328704,,,,,,
C8_fourier_double_s48,C8,fourier_double,48,u_vector_pct,5.0,False,2000,2000,max_iter,5.709415283366956,,,,,,
C8_fourier_double_s48,C8,fourier_double,48,u_vector_pct,2.0,False,2000,2000,max_iter,5.709415283366956,,,,,,
C8_fourier_double_s48,C8,fourier_double,48,u_vector_pct,1.0,False,2000,2000,max_iter,5.709415283366956,,,,,,
C8_fourier_double_s48,C8,fourier_double,48,s_vector_pct,5.0,False,2000,2000,max_iter,6.864233126100999,,,,,,
C8_fourier_double_s48,C8,fourier_double,48,s_vector_pct,2.0,False,2000,2000,max_iter,6.864233126100999,,,,,,
C8_fourier_double_s48,C8,fourier_double,48,s_vector_pct,1.0,False,2000,2000,max_iter,6.864233126100999,,,,,,
C1_vanilla_s42,C1,vanilla,42,u_vector_pct,5.0,True,2000,2000,max_iter,1.2764440122657732,800,28.76849139999831,30.64074889999756,30.954329999993206,23.36434969988477,24.89831019990379
C1_vanilla_s42,C1,vanilla,42,u_vector_pct,2.0,True,2000,2000,max_iter,1.2764440122657732,1450,53.45555049998802,55.31813759999932,55.61383930000011,43.86707059982291,45.429554499845835
C1_vanilla_s42,C1,vanilla,42,u_vector_pct,1.0,False,2000,2000,max_iter,1.2764440122657732,,,,,,
C1_vanilla_s42,C1,vanilla,42,s_vector_pct,5.0,False,2000,2000,max_iter,11.562758811542944,,,,,,
C1_vanilla_s42,C1,vanilla,42,s_vector_pct,2.0,False,2000,2000,max_iter,11.562758811542944,,,,,,
C1_vanilla_s42,C1,vanilla,42,s_vector_pct,1.0,False,2000,2000,max_iter,11.562758811542944,,,,,,
C6_xpinn_s43,C6,xpinn,43,u_vector_pct,5.0,False,2000,2000,max_iter,6.08789757997821,,,,,,
C6_xpinn_s43,C6,xpinn,43,u_vector_pct,2.0,False,2000,2000,max_iter,6.08789757997821,,,,,,
C6_xpinn_s43,C6,xpinn,43,u_vector_pct,1.0,False,2000,2000,max_iter,6.08789757997821,,,,,,
C6_xpinn_s43,C6,xpinn,43,s_vector_pct,5.0,False,2000,2000,max_iter,21.641009575846187,,,,,,
C6_xpinn_s43,C6,xpinn,43,s_vector_pct,2.0,False,2000,2000,max_iter,21.641009575846187,,,,,,
C6_xpinn_s43,C6,xpinn,43,s_vector_pct,1.0,False,2000,2000,max_iter,21.641009575846187,,,,,,
C8_vanilla_s46,C8,vanilla,46,u_vector_pct,5.0,True,2000,2000,max_iter,0.9736431465091244,750,26.25346229999559,28.218848299991805,28.60872720000043,21.11793409982056,22.738172499783104
C8_vanilla_s46,C8,vanilla,46,u_vector_pct,2.0,True,2000,2000,max_iter,0.9736431465091244,1550,58.34851959999651,60.205942799992044,60.51275589999568,47.50832259985327,49.060049199833884
C8_vanilla_s46,C8,vanilla,46,u_vector_pct,1.0,True,2000,2000,max_iter,0.9736431465091244,1900,72.1572174999892,74.09831329999724,74.45719619999,58.93829839974933,60.53910939980415
C8_vanilla_s46,C8,vanilla,46,s_vector_pct,5.0,False,2000,2000,max_iter,5.541110176827715,,,,,,
C8_vanilla_s46,C8,vanilla,46,s_vector_pct,2.0,False,2000,2000,max_iter,5.541110176827715,,,,,,
C8_vanilla_s46,C8,vanilla,46,s_vector_pct,1.0,False,2000,2000,max_iter,5.541110176827715,,,,,,
C7_dem_s45,C7,dem,45,u_vector_pct,5.0,True,1000,1000,max_iter,7223.88654784746,200,7.400567200005753,9.675836200010963,10.416176700004144,4.418665199962561,5.932338199971127
C7_dem_s45,C7,dem,45,u_vector_pct,2.0,False,1000,1000,max_iter,7223.88654784746,,,,,,
C7_dem_s45,C7,dem,45,u_vector_pct,1.0,False,1000,1000,max_iter,7223.88654784746,,,,,,
C7_dem_s45,C7,dem,45,s_vector_pct,5.0,False,1000,1000,max_iter,188121.904047391,,,,,,
C7_dem_s45,C7,dem,45,s_vector_pct,2.0,False,1000,1000,max_iter,188121.904047391,,,,,,
C7_dem_s45,C7,dem,45,s_vector_pct,1.0,False,1000,1000,max_iter,188121.904047391,,,,,,
C6_dem_s44,C6,dem,44,u_vector_pct,5.0,True,1000,1000,max_iter,1.801531617054117,250,9.299368000007235,11.363691000005929,12.065050999997766,5.634701299961307,7.015969900035998
C6_dem_s44,C6,dem,44,u_vector_pct,2.0,True,1000,1000,max_iter,1.801531617054117,900,38.10919060000742,40.10743879999791,40.79061739999452,25.319907099794364,26.616771099797916
C6_dem_s44,C6,dem,44,u_vector_pct,1.0,False,1000,1000,max_iter,1.801531617054117,,,,,,
C6_dem_s44,C6,dem,44,s_vector_pct,5.0,False,1000,1000,max_iter,9.327741887349868,,,,,,
C6_dem_s44,C6,dem,44,s_vector_pct,2.0,False,1000,1000,max_iter,9.327741887349868,,,,,,
C6_dem_s44,C6,dem,44,s_vector_pct,1.0,False,1000,1000,max_iter,9.327741887349868,,,,,,
C6_vanilla_s45,C6,vanilla,45,u_vector_pct,5.0,True,2000,2000,max_iter,2.819816646645045,1500,62.53286239999579,64.58725880000566,64.91793929999403,51.587693300127285,53.3230293001252
C6_vanilla_s45,C6,vanilla,45,u_vector_pct,2.0,False,2000,2000,max_iter,2.819816646645045,,,,,,
C6_vanilla_s45,C6,vanilla,45,u_vector_pct,1.0,False,2000,2000,max_iter,2.819816646645045,,,,,,
C6_vanilla_s45,C6,vanilla,45,s_vector_pct,5.0,False,2000,2000,max_iter,9.098998443456596,,,,,,
C6_vanilla_s45,C6,vanilla,45,s_vector_pct,2.0,False,2000,2000,max_iter,9.098998443456596,,,,,,
C6_vanilla_s45,C6,vanilla,45,s_vector_pct,1.0,False,2000,2000,max_iter,9.098998443456596,,,,,,
C2_vanilla_s42,C2,vanilla,42,u_vector_pct,5.0,True,2000,2000,max_iter,1.0597759980346382,750,27.757967099998496,29.57648540000082,29.880174000005354,22.298901800153544,23.79889710014686
C2_vanilla_s42,C2,vanilla,42,u_vector_pct,2.0,True,2000,2000,max_iter,1.0597759980346382,1350,49.153441999995266,51.07231770000362,51.37732990000222,39.91068000024825,41.46027110016439
C2_vanilla_s42,C2,vanilla,42,u_vector_pct,1.0,True,2000,2000,max_iter,1.0597759980346382,1950,71.8722385000001,73.90142399999604,74.2565845999925,58.731870700081345,60.46047360009106
C2_vanilla_s42,C2,vanilla,42,s_vector_pct,5.0,False,2000,2000,max_iter,8.847826350149925,,,,,,
C2_vanilla_s42,C2,vanilla,42,s_vector_pct,2.0,False,2000,2000,max_iter,8.847826350149925,,,,,,
C2_vanilla_s42,C2,vanilla,42,s_vector_pct,1.0,False,2000,2000,max_iter,8.847826350149925,,,,,,
C7_anchored_s41,C7,anchored,41,u_vector_pct,5.0,True,2000,2000,max_iter,0.5581050305558659,300,9.501807100008591,11.516349800003809,11.881594000005862,7.4069909000827465,9.057229300044128
C7_anchored_s41,C7,anchored,41,u_vector_pct,2.0,True,2000,2000,max_iter,0.5581050305558659,700,25.7572846999974,27.87805080000544,28.25572810000449,20.744310800131643,22.52143770013936
C7_anchored_s41,C7,anchored,41,u_vector_pct,1.0,True,2000,2000,max_iter,0.5581050305558659,1050,40.050341399997706,41.93026580000878,42.22952900000382,32.44123710032727,34.00621260033222
C7_anchored_s41,C7,anchored,41,s_vector_pct,5.0,True,2000,2000,max_iter,4.044612667093101,1500,57.11170000000857,59.0053837000014,59.331575000003795,46.62278950064501,48.16626370069571
C7_anchored_s41,C7,anchored,41,s_vector_pct,2.0,False,2000,2000,max_iter,4.044612667093101,,,,,,
C7_anchored_s41,C7,anchored,41,s_vector_pct,1.0,False,2000,2000,max_iter,4.044612667093101,,,,,,
C2_xpinn_s41,C2,xpinn,41,u_vector_pct,5.0,True,2000,2000,max_iter,3.693305842935727,1600,120.51074520000839,124.58229940000456,125.17380889999913,102.95830199979537,106.46986339974683
C2_xpinn_s41,C2,xpinn,41,u_vector_pct,2.0,False,2000,2000,max_iter,3.693305842935727,,,,,,
C2_xpinn_s41,C2,xpinn,41,u_vector_pct,1.0,False,2000,2000,max_iter,3.693305842935727,,,,,,
C2_xpinn_s41,C2,xpinn,41,s_vector_pct,5.0,False,2000,2000,max_iter,21.11687044446546,,,,,,
C2_xpinn_s41,C2,xpinn,41,s_vector_pct,2.0,False,2000,2000,max_iter,21.11687044446546,,,,,,
C2_xpinn_s41,C2,xpinn,41,s_vector_pct,1.0,False,2000,2000,max_iter,21.11687044446546,,,,,,
C5_anchored_s45,C5,anchored,45,u_vector_pct,5.0,True,2000,2000,max_iter,0.17536209814930195,200,6.092220799997449,8.172097000002395,8.5615942000004,4.681365100026596,6.398402399980114
C5_anchored_s45,C5,anchored,45,u_vector_pct,2.0,True,2000,2000,max_iter,0.17536209814930195,450,16.067313399995328,17.94869180000387,18.32048749999376,12.817654899947229,14.350116399888066
C5_anchored_s45,C5,anchored,45,u_vector_pct,1.0,True,2000,2000,max_iter,0.17536209814930195,500,17.94869180000387,19.847865899995668,20.196909499994945,14.350116399888066,15.87710729984974
C5_anchored_s45,C5,anchored,45,s_vector_pct,5.0,True,2000,2000,max_iter,0.9501710731850286,500,17.94869180000387,19.847865899995668,20.196909499994945,14.350116399888066,15.87710729984974
C5_anchored_s45,C5,anchored,45,s_vector_pct,2.0,True,2000,2000,max_iter,0.9501710731850286,950,34.54256760000135,36.36508000000322,36.72729260000051,27.653919799733558,29.12914699972316
C5_anchored_s45,C5,anchored,45,s_vector_pct,1.0,True,2000,2000,max_iter,0.9501710731850286,1900,73.4838696999941,75.52113510000345,75.87973849999253,59.93507929990301,61.62223259989696
C2_dem_s42,C2,dem,42,u_vector_pct,5.0,True,1000,1000,max_iter,11.512586640293645,200,7.347339499989175,9.505132199992659,10.218921399995452,4.483209100057138,5.927912300147
C2_dem_s42,C2,dem,42,u_vector_pct,2.0,True,1000,1000,max_iter,11.512586640293645,300,11.826014899997972,14.11665169999469,14.851613499995437,7.533221000165213,9.08627950020309
C2_dem_s42,C2,dem,42,u_vector_pct,1.0,True,1000,1000,max_iter,11.512586640293645,400,16.557071799994446,19.011392199987313,19.73997129999043,10.789958900189959,12.49641740017978
C2_dem_s42,C2,dem,42,s_vector_pct,5.0,False,1000,1000,max_iter,205.98455421241772,,,,,,
C2_dem_s42,C2,dem,42,s_vector_pct,2.0,False,1000,1000,max_iter,205.98455421241772,,,,,,
C2_dem_s42,C2,dem,42,s_vector_pct,1.0,False,1000,1000,max_iter,205.98455421241772,,,,,,
C8_dem_s43,C8,dem,43,u_vector_pct,5.0,True,1000,1000,max_iter,0.9713619260197032,200,7.849988500005566,10.331702299998142,11.106381600009627,4.79521639997256,6.52043409991893
C8_dem_s43,C8,dem,43,u_vector_pct,2.0,True,1000,1000,max_iter,0.9713619260197032,250,10.331702299998142,12.73931079999602,13.428023800006486,6.52043409991893,8.151526399917202
C8_dem_s43,C8,dem,43,u_vector_pct,1.0,True,1000,1000,max_iter,0.9713619260197032,400,17.313215000001946,19.594643600008567,20.339684799997485,11.324463399825618,12.947892299824161
C8_dem_s43,C8,dem,43,s_vector_pct,5.0,False,1000,1000,max_iter,7.928492738132434,,,,,,
C8_dem_s43,C8,dem,43,s_vector_pct,2.0,False,1000,1000,max_iter,7.928492738132434,,,,,,
C8_dem_s43,C8,dem,43,s_vector_pct,1.0,False,1000,1000,max_iter,7.928492738132434,,,,,,
T1_fourier_s45,T1,fourier,45,u_vector_pct,5.0,True,10000,10000,max_iter,0.360500564107976,200,9.111755600009928,11.963395500002662,12.837733000007574,5.694304699922213,7.681743199835182
T1_fourier_s45,T1,fourier,45,u_vector_pct,2.0,True,10000,10000,max_iter,0.360500564107976,450,23.343944500011276,26.2091272000107,27.106376399999135,15.450494599732338,17.457983899716055
T1_fourier_s45,T1,fourier,45,u_vector_pct,1.0,True,10000,10000,max_iter,0.360500564107976,750,40.45186919999833,43.28472770001099,44.21482090000063,27.2427420996828,29.19588059974194
T1_fourier_s45,T1,fourier,45,s_vector_pct,5.0,True,10000,10000,max_iter,0.8166923993734222,350,17.573404399998253,20.423704600005294,21.27791580000485,11.481573099837988,13.38514239975484
T1_fourier_s45,T1,fourier,45,s_vector_pct,2.0,True,10000,10000,max_iter,0.8166923993734222,1050,57.813623200010625,60.694179500002065,61.55934620001062,39.17056309970212,41.102474999730475
T1_fourier_s45,T1,fourier,45,s_vector_pct,1.0,True,10000,10000,max_iter,0.8166923993734222,4450,251.47790930001065,254.3545199000073,255.29503910000494,171.54419209972548,173.51237449971086
C4_xpinn_s45,C4,xpinn,45,u_vector_pct,5.0,False,2000,2000,max_iter,5.03710479057098,,,,,,
C4_xpinn_s45,C4,xpinn,45,u_vector_pct,2.0,False,2000,2000,max_iter,5.03710479057098,,,,,,
C4_xpinn_s45,C4,xpinn,45,u_vector_pct,1.0,False,2000,2000,max_iter,5.03710479057098,,,,,,
C4_xpinn_s45,C4,xpinn,45,s_vector_pct,5.0,False,2000,2000,max_iter,20.58749005726553,,,,,,
C4_xpinn_s45,C4,xpinn,45,s_vector_pct,2.0,False,2000,2000,max_iter,20.58749005726553,,,,,,
C4_xpinn_s45,C4,xpinn,45,s_vector_pct,1.0,False,2000,2000,max_iter,20.58749005726553,,,,,,
T1_fourier_s48,T1,fourier,48,u_vector_pct,5.0,True,10000,10000,max_iter,0.281084026110275,200,8.296560500006308,10.797303500003181,11.699876400001813,4.643499200130464,6.26016740014893
T1_fourier_s48,T1,fourier,48,u_vector_pct,2.0,True,10000,10000,max_iter,0.281084026110275,650,30.937888000000385,33.495852400010335,34.37615650000225,19.269344900050783,20.917935500008753
T1_fourier_s48,T1,fourier,48,u_vector_pct,1.0,True,10000,10000,max_iter,0.281084026110275,950,46.36117630000808,48.88971840000886,49.84734490000119,29.33076169999549,30.943871700015734
T1_fourier_s48,T1,fourier,48,s_vector_pct,5.0,True,10000,10000,max_iter,1.1251294142278987,350,15.79988210000738,18.350638400006574,19.24094230000628,9.470585600181948,11.121530600154074
T1_fourier_s48,T1,fourier,48,s_vector_pct,2.0,True,10000,10000,max_iter,1.1251294142278987,1000,48.88971840000886,51.5572616999998,52.4533783000079,30.943871700015734,32.653290400034166
T1_fourier_s48,T1,fourier,48,s_vector_pct,1.0,False,10000,10000,max_iter,1.1251294142278987,,,,,,
C1_fourier_half_s46,C1,fourier_half,46,u_vector_pct,5.0,True,2000,2000,max_iter,0.11288814945217482,100,2.208414599997923,4.342612899999949,4.669972499992582,1.4681422999565257,3.2539658999739913
C1_fourier_half_s46,C1,fourier_half,46,u_vector_pct,2.0,True,2000,2000,max_iter,0.11288814945217482,250,8.610069399990607,10.86185079999268,11.235080999991624,6.800254399946425,8.669406599976355
C1_fourier_half_s46,C1,fourier_half,46,u_vector_pct,1.0,True,2000,2000,max_iter,0.11288814945217482,300,10.86185079999268,12.958025599989924,13.319844300000113,8.669406599976355,10.391790099907666
C1_fourier_half_s46,C1,fourier_half,46,s_vector_pct,5.0,True,2000,2000,max_iter,1.8652605043891022,650,26.34175839999807,28.66693849999865,29.07884249999188,21.509814799937885,23.42003039989504
C1_fourier_half_s46,C1,fourier_half,46,s_vector_pct,2.0,True,2000,2000,max_iter,1.8652605043891022,1850,78.47904910000216,80.63638609999907,81.00109419999353,64.93579509938718,66.7550614993379
C1_fourier_half_s46,C1,fourier_half,46,s_vector_pct,1.0,False,2000,2000,max_iter,1.8652605043891022,,,,,,
C5_anchored_s44,C5,anchored,44,u_vector_pct,5.0,True,2000,2000,max_iter,0.14658601726284542,200,5.873918999990565,7.923571299994364,8.253874899994116,4.509281500038924,6.162444300032803
C5_anchored_s44,C5,anchored,44,u_vector_pct,2.0,True,2000,2000,max_iter,0.14658601726284542,300,9.86981009998999,11.746322899998631,12.120571399995242,7.775989600020694,9.284717300062766
C5_anchored_s44,C5,anchored,44,u_vector_pct,1.0,True,2000,2000,max_iter,0.14658601726284542,450,15.47290909998992,17.32310029999644,17.6501014999958,12.267842300017946,13.760686800000258
C5_anchored_s44,C5,anchored,44,s_vector_pct,5.0,True,2000,2000,max_iter,0.8915918222134362,450,15.47290909998992,17.32310029999644,17.6501014999958,12.267842300017946,13.760686800000258
C5_anchored_s44,C5,anchored,44,s_vector_pct,2.0,True,2000,2000,max_iter,0.8915918222134362,950,35.40032020000217,37.496996899993974,37.859361299997545,28.7595823998563,30.48563369984913
C5_anchored_s44,C5,anchored,44,s_vector_pct,1.0,True,2000,2000,max_iter,0.8915918222134362,1800,68.79190489999019,70.84319919999689,71.15460949999397,56.30299719993491,57.97114499998861
T1_fourier_s42,T1,fourier,42,u_vector_pct,5.0,True,10000,10000,max_iter,0.33600898493253784,200,8.14026770000055,10.708409099999699,11.586153399999603,4.561391400056891,6.252858600084437
T1_fourier_s42,T1,fourier,42,u_vector_pct,2.0,True,10000,10000,max_iter,0.33600898493253784,350,15.727007699999376,18.247136899997713,19.15376380000089,9.48872540006414,11.126902800053358
T1_fourier_s42,T1,fourier,42,u_vector_pct,1.0,True,10000,10000,max_iter,0.33600898493253784,600,28.319926800002577,30.886656799993943,31.78413129999535,17.57792710000649,19.25044699999853
T1_fourier_s42,T1,fourier,42,s_vector_pct,5.0,True,10000,10000,max_iter,1.582750239229213,400,18.247136899997713,20.750782300005085,21.65746349999972,11.126902800053358,12.72328310010198
T1_fourier_s42,T1,fourier,42,s_vector_pct,2.0,True,10000,10000,max_iter,1.582750239229213,1450,70.66223519999767,73.00493219999771,73.85702929999388,44.77845110016642,46.270707700256025
T1_fourier_s42,T1,fourier,42,s_vector_pct,1.0,False,10000,10000,max_iter,1.582750239229213,,,,,,
C3_anchored_s41,C3,anchored,41,u_vector_pct,5.0,True,2000,2000,max_iter,0.14871663650087164,150,3.9825672999868402,5.9950634999986505,6.332652999990387,2.932351500116056,4.585461800175835
C3_anchored_s41,C3,anchored,41,u_vector_pct,2.0,True,2000,2000,max_iter,0.14871663650087164,250,8.021954199997708,9.966206599987345,10.256027299998095,6.274247000183095,7.902297600230668
C3_anchored_s41,C3,anchored,41,u_vector_pct,1.0,True,2000,2000,max_iter,0.14871663650087164,400,13.891671799996402,15.849718799989205,16.216270199991413,11.199049200236914,12.820691200249712
C3_anchored_s41,C3,anchored,41,s_vector_pct,5.0,True,2000,2000,max_iter,1.0338471113583836,450,15.849718799989205,17.771405399995274,18.110166999991634,12.820691200249712,14.374508500201046
C3_anchored_s41,C3,anchored,41,s_vector_pct,2.0,True,2000,2000,max_iter,1.0338471113583836,1050,39.60086519998731,41.74472789998981,42.13094550000096,32.45173450036964,34.236178000384825
C3_anchored_s41,C3,anchored,41,s_vector_pct,1.0,False,2000,2000,max_iter,1.0338471113583836,,,,,,
C1_independent_gaussian_s42,C1,independent_gaussian,42,u_vector_pct,5.0,True,2000,2000,max_iter,0.46366260690232963,150,3.864816499990411,5.595485799989547,5.924332399998093,2.80955689997063,4.188676599849714
C1_independent_gaussian_s42,C1,independent_gaussian,42,u_vector_pct,2.0,True,2000,2000,max_iter,0.46366260690232963,300,9.509024099999806,11.630971499995212,12.004093700001249,7.3933057998656295,9.130717499851016
C1_independent_gaussian_s42,C1,independent_gaussian,42,u_vector_pct,1.0,True,2000,2000,max_iter,0.46366260690232963,500,18.087845999994897,20.19110919999366,20.57225909999397,14.449070599948755,16.17345339995518
C1_independent_gaussian_s42,C1,independent_gaussian,42,s_vector_pct,5.0,True,2000,2000,max_iter,4.226080271962534,1600,64.14761329999601,66.59496489999583,66.97919469999033,52.20444249996217,54.25481759994
C1_independent_gaussian_s42,C1,independent_gaussian,42,s_vector_pct,2.0,False,2000,2000,max_iter,4.226080271962534,,,,,,
C1_independent_gaussian_s42,C1,independent_gaussian,42,s_vector_pct,1.0,False,2000,2000,max_iter,4.226080271962534,,,,,,
C1_vanilla_matched_s41,C1,vanilla_matched,41,u_vector_pct,5.0,True,2000,2000,max_iter,0.9999258065515877,850,31.648029500007397,33.78767280001193,34.14473640000506,25.705291100020986,27.428469100006623
C1_vanilla_matched_s41,C1,vanilla_matched,41,u_vector_pct,2.0,True,2000,2000,max_iter,0.9999258065515877,1400,53.639325299998745,55.46968540000671,55.87343580000743,44.01086459989892,45.53957179989084
C1_vanilla_matched_s41,C1,vanilla_matched,41,u_vector_pct,1.0,True,2000,2000,max_iter,0.9999258065515877,2000,77.71781800000463,79.57350020000013,79.88112540000293,63.93071710021468,65.49150870023004
C1_vanilla_matched_s41,C1,vanilla_matched,41,s_vector_pct,5.0,False,2000,2000,max_iter,10.10049234275356,,,,,,
C1_vanilla_matched_s41,C1,vanilla_matched,41,s_vector_pct,2.0,False,2000,2000,max_iter,10.10049234275356,,,,,,
C1_vanilla_matched_s41,C1,vanilla_matched,41,s_vector_pct,1.0,False,2000,2000,max_iter,10.10049234275356,,,,,,
C7_fourier_s43,C7,fourier,43,u_vector_pct,5.0,True,2000,2000,max_iter,0.7765585280964551,250,8.95418279999285,11.19831150000391,11.574432699999306,7.054632500003208,8.894727100050659
C7_fourier_s43,C7,fourier,43,u_vector_pct,2.0,True,2000,2000,max_iter,0.7765585280964551,350,13.367981100003817,15.366748400003416,15.684784600001876,10.687759300097241,12.363612800079864
C7_fourier_s43,C7,fourier,43,u_vector_pct,1.0,True,2000,2000,max_iter,0.7765585280964551,1250,50.2417451999936,52.073728499992285,52.421153399991454,41.338915899861604,42.81561509986932
C7_fourier_s43,C7,fourier,43,s_vector_pct,5.0,True,2000,2000,max_iter,3.4414074735881113,1050,42.17505269999674,44.25267719999829,44.57550859999901,34.69366129988339,36.39977729985549
C7_fourier_s43,C7,fourier,43,s_vector_pct,2.0,False,2000,2000,max_iter,3.4414074735881113,,,,,,
C7_fourier_s43,C7,fourier,43,s_vector_pct,1.0,False,2000,2000,max_iter,3.4414074735881113,,,,,,
C1_anchored_s45,C1,anchored,45,u_vector_pct,5.0,True,2000,2000,max_iter,0.32779952944630936,150,3.9835928000102285,5.89627900000778,6.245674899997539,2.9298326001589885,4.471889400127111
C1_anchored_s45,C1,anchored,45,u_vector_pct,2.0,True,2000,2000,max_iter,0.32779952944630936,350,11.759121299997787,13.656168700006674,14.019585700007156,9.275119400117546,10.858880700092413
C1_anchored_s45,C1,anchored,45,u_vector_pct,1.0,True,2000,2000,max_iter,0.32779952944630936,650,23.883811300009256,25.909925900006783,26.2687922000041,19.322895200224593,20.95209270020132
C1_anchored_s45,C1,anchored,45,s_vector_pct,5.0,True,2000,2000,max_iter,3.7818913664519296,1400,54.39972800000396,56.47108119999757,56.82475900001009,44.517362500337185,46.226666500384454
C1_anchored_s45,C1,anchored,45,s_vector_pct,2.0,False,2000,2000,max_iter,3.7818913664519296,,,,,,
C1_anchored_s45,C1,anchored,45,s_vector_pct,1.0,False,2000,2000,max_iter,3.7818913664519296,,,,,,
C1_fourier_double_s48,C1,fourier_double,48,u_vector_pct,5.0,False,2000,2000,max_iter,55.77703455596818,,,,,,
C1_fourier_double_s48,C1,fourier_double,48,u_vector_pct,2.0,False,2000,2000,max_iter,55.77703455596818,,,,,,
C1_fourier_double_s48,C1,fourier_double,48,u_vector_pct,1.0,False,2000,2000,max_iter,55.77703455596818,,,,,,
C1_fourier_double_s48,C1,fourier_double,48,s_vector_pct,5.0,False,2000,2000,max_iter,47.279030657733706,,,,,,
C1_fourier_double_s48,C1,fourier_double,48,s_vector_pct,2.0,False,2000,2000,max_iter,47.279030657733706,,,,,,
C1_fourier_double_s48,C1,fourier_double,48,s_vector_pct,1.0,False,2000,2000,max_iter,47.279030657733706,,,,,,
C8_fourier_s48,C8,fourier,48,u_vector_pct,5.0,True,2000,2000,max_iter,0.16284841859586122,100,2.1267431000014767,4.180108900007326,4.575659399997676,1.4071797000069637,3.114809700011392
C8_fourier_s48,C8,fourier,48,u_vector_pct,2.0,True,2000,2000,max_iter,0.16284841859586122,150,4.180108900007326,6.225132299994584,6.615904599995702,3.114809700011392,4.755173000012292
C8_fourier_s48,C8,fourier,48,u_vector_pct,1.0,True,2000,2000,max_iter,0.16284841859586122,250,8.497818799995002,10.68359299999429,11.055520199995954,6.63641429998097,8.451818399931653
C8_fourier_s48,C8,fourier,48,s_vector_pct,5.0,True,2000,2000,max_iter,0.6110250360255398,250,8.497818799995002,10.68359299999429,11.055520199995954,6.63641429998097,8.451818399931653
C8_fourier_s48,C8,fourier,48,s_vector_pct,2.0,True,2000,2000,max_iter,0.6110250360255398,500,19.49976049999532,21.68004249999649,22.06777979999606,15.76838650002901,17.558142899957602
C8_fourier_s48,C8,fourier,48,s_vector_pct,1.0,True,2000,2000,max_iter,0.6110250360255398,950,40.04664889999549,42.43588330000057,42.86037029999716,32.93649639991054,34.93041419994552
C7_xpinn_s44,C7,xpinn,44,u_vector_pct,5.0,False,2000,2000,max_iter,5.097679226998133,,,,,,
C7_xpinn_s44,C7,xpinn,44,u_vector_pct,2.0,False,2000,2000,max_iter,5.097679226998133,,,,,,
C7_xpinn_s44,C7,xpinn,44,u_vector_pct,1.0,False,2000,2000,max_iter,5.097679226998133,,,,,,
C7_xpinn_s44,C7,xpinn,44,s_vector_pct,5.0,False,2000,2000,max_iter,27.098757470061525,,,,,,
C7_xpinn_s44,C7,xpinn,44,s_vector_pct,2.0,False,2000,2000,max_iter,27.098757470061525,,,,,,
C7_xpinn_s44,C7,xpinn,44,s_vector_pct,1.0,False,2000,2000,max_iter,27.098757470061525,,,,,,
C1_vanilla_s47,C1,vanilla,47,u_vector_pct,5.0,True,2000,2000,max_iter,1.5633539045837115,900,33.77008490001026,35.830266000004485,36.198090899997624,27.487214499764377,29.196242099787924
C1_vanilla_s47,C1,vanilla,47,u_vector_pct,2.0,True,2000,2000,max_iter,1.5633539045837115,1500,58.63627550000092,60.50791949999984,60.82154669999727,48.08136959996773,49.63857719990483
C1_vanilla_s47,C1,vanilla,47,u_vector_pct,1.0,False,2000,2000,max_iter,1.5633539045837115,,,,,,
C1_vanilla_s47,C1,vanilla,47,s_vector_pct,5.0,False,2000,2000,max_iter,8.909445297329993,,,,,,
C1_vanilla_s47,C1,vanilla,47,s_vector_pct,2.0,False,2000,2000,max_iter,8.909445297329993,,,,,,
C1_vanilla_s47,C1,vanilla,47,s_vector_pct,1.0,False,2000,2000,max_iter,8.909445297329993,,,,,,
C8_xpinn_s47,C8,xpinn,47,u_vector_pct,5.0,True,2000,2000,max_iter,4.463356920922504,1550,120.38335109999753,124.66070970000874,125.31853090001096,102.50270410021767,106.09558660020411
C8_xpinn_s47,C8,xpinn,47,u_vector_pct,2.0,False,2000,2000,max_iter,4.463356920922504,,,,,,
C8_xpinn_s47,C8,xpinn,47,u_vector_pct,1.0,False,2000,2000,max_iter,4.463356920922504,,,,,,
C8_xpinn_s47,C8,xpinn,47,s_vector_pct,5.0,False,2000,2000,max_iter,19.36472706249892,,,,,,
C8_xpinn_s47,C8,xpinn,47,s_vector_pct,2.0,False,2000,2000,max_iter,19.36472706249892,,,,,,
C8_xpinn_s47,C8,xpinn,47,s_vector_pct,1.0,False,2000,2000,max_iter,19.36472706249892,,,,,,
C1_xpinn_s46,C1,xpinn,46,u_vector_pct,5.0,False,2000,2000,max_iter,5.634977710816273,,,,,,
C1_xpinn_s46,C1,xpinn,46,u_vector_pct,2.0,False,2000,2000,max_iter,5.634977710816273,,,,,,
C1_xpinn_s46,C1,xpinn,46,u_vector_pct,1.0,False,2000,2000,max_iter,5.634977710816273,,,,,,
C1_xpinn_s46,C1,xpinn,46,s_vector_pct,5.0,False,2000,2000,max_iter,27.204737582561062,,,,,,
C1_xpinn_s46,C1,xpinn,46,s_vector_pct,2.0,False,2000,2000,max_iter,27.204737582561062,,,,,,
C1_xpinn_s46,C1,xpinn,46,s_vector_pct,1.0,False,2000,2000,max_iter,27.204737582561062,,,,,,
C3_fourier_s43,C3,fourier,43,u_vector_pct,5.0,True,2000,2000,max_iter,0.08660758920064039,100,2.130925000004936,4.183530700000119,4.500387899999623,1.4079934000765206,3.060139300097944
C3_fourier_s43,C3,fourier,43,u_vector_pct,2.0,True,2000,2000,max_iter,0.08660758920064039,150,4.183530700000119,6.2313128000096185,6.644817799999146,3.060139300097944,4.789359300091746
C3_fourier_s43,C3,fourier,43,u_vector_pct,1.0,True,2000,2000,max_iter,0.08660758920064039,250,8.581720100002713,10.88243960001273,11.28578620000917,6.7252994001464685,8.629412400172441
C3_fourier_s43,C3,fourier,43,s_vector_pct,5.0,True,2000,2000,max_iter,0.45005208096600346,300,10.88243960001273,12.986401300004218,13.346112400002312,8.629412400172441,10.32948660015245
C3_fourier_s43,C3,fourier,43,s_vector_pct,2.0,True,2000,2000,max_iter,0.45005208096600346,450,17.21867810000549,19.241442700003972,19.547197700012475,13.869827500151587,15.55585420015268
C3_fourier_s43,C3,fourier,43,s_vector_pct,1.0,True,2000,2000,max_iter,0.45005208096600346,800,31.443088900006842,33.79130420000001,34.210338900011266,25.82588750019204,27.748298500169767
C1_vanilla_matched_s47,C1,vanilla_matched,47,u_vector_pct,5.0,True,2000,2000,max_iter,1.9185450449434807,1050,40.24659979999706,42.08082819999254,42.38576949998969,32.97630509980081,34.52239839977119
C1_vanilla_matched_s47,C1,vanilla_matched,47,u_vector_pct,2.0,True,2000,2000,max_iter,1.9185450449434807,1950,75.53304519999074,77.53915179999603,77.9071258999902,62.177411999800825,63.85934499975701
C1_vanilla_matched_s47,C1,vanilla_matched,47,u_vector_pct,1.0,False,2000,2000,max_iter,1.9185450449434807,,,,,,
C1_vanilla_matched_s47,C1,vanilla_matched,47,s_vector_pct,5.0,False,2000,2000,max_iter,10.983995991685015,,,,,,
C1_vanilla_matched_s47,C1,vanilla_matched,47,s_vector_pct,2.0,False,2000,2000,max_iter,10.983995991685015,,,,,,
C1_vanilla_matched_s47,C1,vanilla_matched,47,s_vector_pct,1.0,False,2000,2000,max_iter,10.983995991685015,,,,,,
T1_vanilla_matched_s47,T1,vanilla_matched,47,u_vector_pct,5.0,True,10000,10000,max_iter,1.8582985334397348,3150,143.24130069999956,145.54632809999748,146.3447349999915,92.38430240034359,93.88699640032428
T1_vanilla_matched_s47,T1,vanilla_matched,47,u_vector_pct,2.0,True,10000,10000,max_iter,1.8582985334397348,5950,271.86921989999246,274.18614149998757,274.9819264999969,175.94525450028596,177.4684175001894
T1_vanilla_matched_s47,T1,vanilla_matched,47,u_vector_pct,1.0,False,10000,10000,max_iter,1.8582985334397348,,,,,,
T1_vanilla_matched_s47,T1,vanilla_matched,47,s_vector_pct,5.0,True,10000,10000,max_iter,2.9879939168909924,5550,253.59933199999796,255.88816239999142,256.69386409998697,164.11711190018104,165.60020780014747
T1_vanilla_matched_s47,T1,vanilla_matched,47,s_vector_pct,2.0,False,10000,10000,max_iter,2.9879939168909924,,,,,,
T1_vanilla_matched_s47,T1,vanilla_matched,47,s_vector_pct,1.0,False,10000,10000,max_iter,2.9879939168909924,,,,,,
C8_vanilla_matched_s46,C8,vanilla_matched,46,u_vector_pct,5.0,True,2000,2000,max_iter,1.148920885358828,600,22.343966200001887,24.42343529999198,24.734537700001965,18.11236680019647,19.851533400127664
C8_vanilla_matched_s46,C8,vanilla_matched,46,u_vector_pct,2.0,True,2000,2000,max_iter,1.148920885358828,1300,50.680071999988286,52.68833379998978,53.075133799997275,41.6883011002501,43.3329516001977
C8_vanilla_matched_s46,C8,vanilla_matched,46,u_vector_pct,1.0,True,2000,2000,max_iter,1.148920885358828,1900,74.49918509999407,76.51392979999946,76.87443879999046,61.41249929998594,63.09869600000093
C8_vanilla_matched_s46,C8,vanilla_matched,46,s_vector_pct,5.0,False,2000,2000,max_iter,5.300133373474822,,,,,,
C8_vanilla_matched_s46,C8,vanilla_matched,46,s_vector_pct,2.0,False,2000,2000,max_iter,5.300133373474822,,,,,,
C8_vanilla_matched_s46,C8,vanilla_matched,46,s_vector_pct,1.0,False,2000,2000,max_iter,5.300133373474822,,,,,,
C1_vanilla_matched_s45,C1,vanilla_matched,45,u_vector_pct,5.0,True,2000,2000,max_iter,1.9445815143753735,1000,37.306762499996694,39.400667499998235,39.71685789999901,30.49553910018585,32.24375160012278
C1_vanilla_matched_s45,C1,vanilla_matched,45,u_vector_pct,2.0,True,2000,2000,max_iter,1.9445815143753735,1950,75.08050340000773,76.97375540000212,77.32054899999639,61.81289700027264,63.37958160031121
C1_vanilla_matched_s45,C1,vanilla_matched,45,u_vector_pct,1.0,False,2000,2000,max_iter,1.9445815143753735,,,,,,
C1_vanilla_matched_s45,C1,vanilla_matched,45,s_vector_pct,5.0,False,2000,2000,max_iter,11.895705510937427,,,,,,
C1_vanilla_matched_s45,C1,vanilla_matched,45,s_vector_pct,2.0,False,2000,2000,max_iter,11.895705510937427,,,,,,
C1_vanilla_matched_s45,C1,vanilla_matched,45,s_vector_pct,1.0,False,2000,2000,max_iter,11.895705510937427,,,,,,
C8_independent_gaussian_s48,C8,independent_gaussian,48,u_vector_pct,5.0,True,2000,2000,max_iter,0.12014799345235846,100,1.964656099997228,3.9664735999976983,4.324891900003422,1.247706299982383,2.9190436999779195
C8_independent_gaussian_s48,C8,independent_gaussian,48,u_vector_pct,2.0,True,2000,2000,max_iter,0.12014799345235846,250,8.166274000002886,10.172808599993004,10.5491386000067,6.360150500026066,8.014965400041547
C8_independent_gaussian_s48,C8,independent_gaussian,48,u_vector_pct,1.0,True,2000,2000,max_iter,0.12014799345235846,400,14.328583900001831,16.634483600006206,17.002435899994452,11.453322100031073,13.36836400005268
C8_independent_gaussian_s48,C8,independent_gaussian,48,s_vector_pct,5.0,True,2000,2000,max_iter,0.8759870836758799,400,14.328583900001831,16.634483600006206,17.002435899994452,11.453322100031073,13.36836400005268
C8_independent_gaussian_s48,C8,independent_gaussian,48,s_vector_pct,2.0,True,2000,2000,max_iter,0.8759870836758799,900,36.12234410000383,38.15589650000038,38.54497730000003,29.47685380015173,31.175620800160686
C8_independent_gaussian_s48,C8,independent_gaussian,48,s_vector_pct,1.0,True,2000,2000,max_iter,0.8759870836758799,1750,72.0171898999979,74.41849419999926,74.76266659999965,59.196800500300014,61.211346300304285
C8_fourier_s43,C8,fourier,43,u_vector_pct,5.0,True,2000,2000,max_iter,0.08327149645984694,100,2.2454490999953123,4.61756030000106,4.989337599996361,1.4727059999568155,3.4239824999385746
C8_fourier_s43,C8,fourier,43,u_vector_pct,2.0,True,2000,2000,max_iter,0.08327149645984694,150,4.61756030000106,6.777501200005645,7.178136600006837,3.4239824999385746,5.2029343999311095
C8_fourier_s43,C8,fourier,43,u_vector_pct,1.0,True,2000,2000,max_iter,0.08327149645984694,200,6.777501200005645,8.979175900007249,9.332969299997785,5.2029343999311095,7.003212799958419
C8_fourier_s43,C8,fourier,43,s_vector_pct,5.0,True,2000,2000,max_iter,0.3169174199366193,250,8.979175900007249,11.125496000007843,11.493563399999402,7.003212799958419,8.794022199916071
C8_fourier_s43,C8,fourier,43,s_vector_pct,2.0,True,2000,2000,max_iter,0.3169174199366193,400,15.516436000005342,17.849391800002195,18.2180864999973,12.407513199927052,14.364939399878494
C8_fourier_s43,C8,fourier,43,s_vector_pct,1.0,True,2000,2000,max_iter,0.3169174199366193,650,27.114260799993644,29.403785100003006,29.775393300005817,22.087521299850778,24.023713699818472
C7_fourier_s44,C7,fourier,44,u_vector_pct,5.0,True,2000,2000,max_iter,1.3496853879596549,200,6.647804100008216,8.877732500011916,9.263690100007807,5.1314481000299565,7.0429712000186555
C7_fourier_s44,C7,fourier,44,u_vector_pct,2.0,True,2000,2000,max_iter,1.3496853879596549,400,15.664916900001117,17.763495700011845,18.084253000008175,12.627750799947535,14.323756999961915
C7_fourier_s44,C7,fourier,44,u_vector_pct,1.0,False,2000,2000,max_iter,1.3496853879596549,,,,,,
C7_fourier_s44,C7,fourier,44,s_vector_pct,5.0,True,2000,2000,max_iter,3.894187358541734,1250,51.032555700003286,53.30427680000139,53.70651540000108,41.78175210009795,43.65464690006047
C7_fourier_s44,C7,fourier,44,s_vector_pct,2.0,False,2000,2000,max_iter,3.894187358541734,,,,,,
C7_fourier_s44,C7,fourier,44,s_vector_pct,1.0,False,2000,2000,max_iter,3.894187358541734,,,,,,
C8_independent_gaussian_s45,C8,independent_gaussian,45,u_vector_pct,5.0,True,2000,2000,max_iter,0.11204405323588729,250,7.901240100007271,9.891543100005947,10.259761400011485,6.104423900032998,7.749066800024593
C8_independent_gaussian_s45,C8,independent_gaussian,45,u_vector_pct,2.0,True,2000,2000,max_iter,0.11204405323588729,300,9.891543100005947,11.971143900009338,12.330629900010535,7.749066800024593,9.459815600057482
C8_independent_gaussian_s45,C8,independent_gaussian,45,u_vector_pct,1.0,True,2000,2000,max_iter,0.11204405323588729,400,14.14528500000597,16.169765600003302,16.47994319999998,11.272631700092461,12.896078900026623
C8_independent_gaussian_s45,C8,independent_gaussian,45,s_vector_pct,5.0,True,2000,2000,max_iter,0.6003923495955167,350,11.971143900009338,14.14528500000597,14.545771700009936,9.459815600057482,11.272631700092461
C8_independent_gaussian_s45,C8,independent_gaussian,45,s_vector_pct,2.0,True,2000,2000,max_iter,0.6003923495955167,650,24.668264600011753,26.78247060001013,27.160810200002743,19.990608499982045,21.72968779997609
C8_independent_gaussian_s45,C8,independent_gaussian,45,s_vector_pct,1.0,True,2000,2000,max_iter,0.6003923495955167,1250,48.448847699997714,50.34528570000839,50.71778510000149,39.47843820028356,41.032063600301626
C4_xpinn_s43,C4,xpinn,43,u_vector_pct,5.0,True,2000,2000,max_iter,5.653133723207056,1750,131.56140450001112,135.64634540000407,136.24013640001067,111.76384819994564,115.21384530000796
C4_xpinn_s43,C4,xpinn,43,u_vector_pct,2.0,False,2000,2000,max_iter,5.653133723207056,,,,,,
C4_xpinn_s43,C4,xpinn,43,u_vector_pct,1.0,False,2000,2000,max_iter,5.653133723207056,,,,,,
C4_xpinn_s43,C4,xpinn,43,s_vector_pct,5.0,False,2000,2000,max_iter,20.859332451565766,,,,,,
C4_xpinn_s43,C4,xpinn,43,s_vector_pct,2.0,False,2000,2000,max_iter,20.859332451565766,,,,,,
C4_xpinn_s43,C4,xpinn,43,s_vector_pct,1.0,False,2000,2000,max_iter,20.859332451565766,,,,,,
C1_fourier_s41,C1,fourier,41,u_vector_pct,5.0,True,2000,2000,max_iter,0.37277953022358795,150,4.151656900008675,6.400429000001168,6.76268670000718,3.0825855998846237,4.943421799922362
C1_fourier_s41,C1,fourier,41,u_vector_pct,2.0,True,2000,2000,max_iter,0.37277953022358795,300,10.426613000003272,12.376158200000646,12.709093000012217,8.272127799951704,9.849432399918442
C1_fourier_s41,C1,fourier,41,u_vector_pct,1.0,True,2000,2000,max_iter,0.37277953022358795,500,18.610469200008083,20.90285150001,21.27200240000093,15.011204899899894,16.892534200000227
C1_fourier_s41,C1,fourier,41,s_vector_pct,5.0,True,2000,2000,max_iter,3.8114115854993957,1250,51.81398980000813,54.01362670000526,54.41470730000583,42.51948840005207,44.304545100036194
C1_fourier_s41,C1,fourier,41,s_vector_pct,2.0,False,2000,2000,max_iter,3.8114115854993957,,,,,,
C1_fourier_s41,C1,fourier,41,s_vector_pct,1.0,False,2000,2000,max_iter,3.8114115854993957,,,,,,
C6_xpinn_s44,C6,xpinn,44,u_vector_pct,5.0,False,2000,2000,max_iter,6.004091630626621,,,,,,
C6_xpinn_s44,C6,xpinn,44,u_vector_pct,2.0,False,2000,2000,max_iter,6.004091630626621,,,,,,
C6_xpinn_s44,C6,xpinn,44,u_vector_pct,1.0,False,2000,2000,max_iter,6.004091630626621,,,,,,
C6_xpinn_s44,C6,xpinn,44,s_vector_pct,5.0,False,2000,2000,max_iter,20.92869750964433,,,,,,
C6_xpinn_s44,C6,xpinn,44,s_vector_pct,2.0,False,2000,2000,max_iter,20.92869750964433,,,,,,
C6_xpinn_s44,C6,xpinn,44,s_vector_pct,1.0,False,2000,2000,max_iter,20.92869750964433,,,,,,
C7_xpinn_s43,C7,xpinn,43,u_vector_pct,5.0,False,2000,2000,max_iter,5.670184946125018,,,,,,
C7_xpinn_s43,C7,xpinn,43,u_vector_pct,2.0,False,2000,2000,max_iter,5.670184946125018,,,,,,
C7_xpinn_s43,C7,xpinn,43,u_vector_pct,1.0,False,2000,2000,max_iter,5.670184946125018,,,,,,
C7_xpinn_s43,C7,xpinn,43,s_vector_pct,5.0,False,2000,2000,max_iter,27.994277108537595,,,,,,
C7_xpinn_s43,C7,xpinn,43,s_vector_pct,2.0,False,2000,2000,max_iter,27.994277108537595,,,,,,
C7_xpinn_s43,C7,xpinn,43,s_vector_pct,1.0,False,2000,2000,max_iter,27.994277108537595,,,,,,
C8_fourier_double_s41,C8,fourier_double,41,u_vector_pct,5.0,False,2000,2000,max_iter,10.988025759072135,,,,,,
C8_fourier_double_s41,C8,fourier_double,41,u_vector_pct,2.0,False,2000,2000,max_iter,10.988025759072135,,,,,,
C8_fourier_double_s41,C8,fourier_double,41,u_vector_pct,1.0,False,2000,2000,max_iter,10.988025759072135,,,,,,
C8_fourier_double_s41,C8,fourier_double,41,s_vector_pct,5.0,False,2000,2000,max_iter,6.087810088087111,,,,,,
C8_fourier_double_s41,C8,fourier_double,41,s_vector_pct,2.0,False,2000,2000,max_iter,6.087810088087111,,,,,,
C8_fourier_double_s41,C8,fourier_double,41,s_vector_pct,1.0,False,2000,2000,max_iter,6.087810088087111,,,,,,
C8_vanilla_matched_s48,C8,vanilla_matched,48,u_vector_pct,5.0,True,2000,2000,max_iter,1.0599265009936143,800,31.715937500004657,33.891418500003056,34.27394300000742,25.958792000150424,27.803664600185584
C8_vanilla_matched_s48,C8,vanilla_matched,48,u_vector_pct,2.0,True,2000,2000,max_iter,1.0599265009936143,1300,52.98391229999834,55.0256817000045,55.36160669999663,43.65186010024627,45.290681600308744
C8_vanilla_matched_s48,C8,vanilla_matched,48,u_vector_pct,1.0,False,2000,2000,max_iter,1.0599265009936143,,,,,,
C8_vanilla_matched_s48,C8,vanilla_matched,48,s_vector_pct,5.0,False,2000,2000,max_iter,6.413104586737989,,,,,,
C8_vanilla_matched_s48,C8,vanilla_matched,48,s_vector_pct,2.0,False,2000,2000,max_iter,6.413104586737989,,,,,,
C8_vanilla_matched_s48,C8,vanilla_matched,48,s_vector_pct,1.0,False,2000,2000,max_iter,6.413104586737989,,,,,,
C7_vanilla_s44,C7,vanilla,44,u_vector_pct,5.0,False,2000,2000,max_iter,6.87303172939369,,,,,,
C7_vanilla_s44,C7,vanilla,44,u_vector_pct,2.0,False,2000,2000,max_iter,6.87303172939369,,,,,,
C7_vanilla_s44,C7,vanilla,44,u_vector_pct,1.0,False,2000,2000,max_iter,6.87303172939369,,,,,,
C7_vanilla_s44,C7,vanilla,44,s_vector_pct,5.0,False,2000,2000,max_iter,20.253339278607132,,,,,,
C7_vanilla_s44,C7,vanilla,44,s_vector_pct,2.0,False,2000,2000,max_iter,20.253339278607132,,,,,,
C7_vanilla_s44,C7,vanilla,44,s_vector_pct,1.0,False,2000,2000,max_iter,20.253339278607132,,,,,,
C1_independent_gaussian_s43,C1,independent_gaussian,43,u_vector_pct,5.0,True,2000,2000,max_iter,0.24820748429785916,150,3.886811399992439,5.890760999987833,6.214045499989879,2.8311002000409644,4.405468400058453
C1_independent_gaussian_s43,C1,independent_gaussian,43,u_vector_pct,2.0,True,2000,2000,max_iter,0.24820748429785916,400,13.229265899994061,15.136371399989002,15.45633459999226,10.462858200087794,12.041223900101613
C1_independent_gaussian_s43,C1,independent_gaussian,43,u_vector_pct,1.0,True,2000,2000,max_iter,0.24820748429785916,700,24.897171699994942,26.943211399993743,27.307864999995218,20.04187400029332,21.773045000358252
C1_independent_gaussian_s43,C1,independent_gaussian,43,s_vector_pct,5.0,True,2000,2000,max_iter,3.3637129127556555,1200,44.55241779999051,46.45675649998884,46.795886599997175,36.3373773003259,37.92769360035891
C1_independent_gaussian_s43,C1,independent_gaussian,43,s_vector_pct,2.0,False,2000,2000,max_iter,3.3637129127556555,,,,,,
C1_independent_gaussian_s43,C1,independent_gaussian,43,s_vector_pct,1.0,False,2000,2000,max_iter,3.3637129127556555,,,,,,
C5_anchored_s41,C5,anchored,41,u_vector_pct,5.0,True,2000,2000,max_iter,0.17030054936235456,200,6.070117299997946,8.02367399999639,8.378193099997588,4.652058900057455,6.23864270010381
C5_anchored_s41,C5,anchored,41,u_vector_pct,2.0,True,2000,2000,max_iter,0.17030054936235456,400,14.145657500004745,16.260948199997074,16.651356699992903,11.310493500102893,13.083108800114132
C5_anchored_s41,C5,anchored,41,u_vector_pct,1.0,True,2000,2000,max_iter,0.17030054936235456,450,16.260948199997074,18.444561800002703,18.782151199993677,13.083108800114132,14.87463830006891
C5_anchored_s41,C5,anchored,41,s_vector_pct,5.0,True,2000,2000,max_iter,1.0786795898946988,450,16.260948199997074,18.444561800002703,18.782151199993677,13.083108800114132,14.87463830006891
C5_anchored_s41,C5,anchored,41,s_vector_pct,2.0,True,2000,2000,max_iter,1.0786795898946988,1100,42.76531350000005,44.794453800001065,45.12266649999947,34.98816450026061,36.667106100256206
C5_anchored_s41,C5,anchored,41,s_vector_pct,1.0,False,2000,2000,max_iter,1.0786795898946988,,,,,,
C5_fourier_s41,C5,fourier,41,u_vector_pct,5.0,True,2000,2000,max_iter,0.10508192612223335,100,1.9894515000050887,4.195404300000519,4.552502099992125,1.3078149000211852,3.147102300004917
C5_fourier_s41,C5,fourier,41,u_vector_pct,2.0,True,2000,2000,max_iter,0.10508192612223335,200,6.371745099997497,8.415485100005753,8.75758570000471,4.963628100013011,6.630529600035516
C5_fourier_s41,C5,fourier,41,u_vector_pct,1.0,True,2000,2000,max_iter,0.10508192612223335,200,6.371745099997497,8.415485100005753,8.75758570000471,4.963628100013011,6.630529600035516
C5_fourier_s41,C5,fourier,41,s_vector_pct,5.0,True,2000,2000,max_iter,0.4947895181269354,250,8.415485100005753,10.622198800003389,11.014666499992018,6.630529600035516,8.493581200091285
C5_fourier_s41,C5,fourier,41,s_vector_pct,2.0,True,2000,2000,max_iter,0.4947895181269354,500,19.00547550000192,21.199434199996176,21.565065799994045,15.354786000054446,17.170553900054074
C5_fourier_s41,C5,fourier,41,s_vector_pct,1.0,True,2000,2000,max_iter,0.4947895181269354,800,31.37707249999221,33.46495839999989,33.8362913000019,25.64398499998788,27.399907099985285
C8_fourier_s45,C8,fourier,45,u_vector_pct,5.0,True,2000,2000,max_iter,0.06725029505611048,100,2.0519856000028085,4.167606700008037,4.5280872000003,1.4001137999875937,3.16706960008014
C8_fourier_s45,C8,fourier,45,u_vector_pct,2.0,True,2000,2000,max_iter,0.06725029505611048,200,6.245909700010088,8.462768700002925,8.86061580000387,4.876742600099533,6.718611900068936
C8_fourier_s45,C8,fourier,45,u_vector_pct,1.0,True,2000,2000,max_iter,0.06725029505611048,250,8.462768700002925,10.74451260000933,11.068398900009925,6.718611900068936,8.59974760003388
C8_fourier_s45,C8,fourier,45,s_vector_pct,5.0,True,2000,2000,max_iter,0.388534501987394,200,6.245909700010088,8.462768700002925,8.86061580000387,4.876742600099533,6.718611900068936
C8_fourier_s45,C8,fourier,45,s_vector_pct,2.0,True,2000,2000,max_iter,0.388534501987394,350,12.726320700006909,14.730034000007436,15.05480900000839,10.257095600056346,11.94483740007854
C8_fourier_s45,C8,fourier,45,s_vector_pct,1.0,True,2000,2000,max_iter,0.388534501987394,650,25.9014179000078,28.04034490000049,28.43191110000771,21.15239400001883,22.92904879998241
T1_anchored_s46,T1,anchored,46,u_vector_pct,5.0,True,10000,10000,max_iter,0.2652282861378761,500,21.084748199995374,23.37341889999516,24.17135259999486,12.84566480020294,14.31689860021288
T1_anchored_s46,T1,anchored,46,u_vector_pct,2.0,True,10000,10000,max_iter,0.2652282861378761,950,41.61344129999634,43.84168559999671,44.65830599999754,25.999217900345684,27.40622200029611
T1_anchored_s46,T1,anchored,46,u_vector_pct,1.0,True,10000,10000,max_iter,0.2652282861378761,1450,64.11687579999852,66.3806673999934,67.20484900000156,40.24596710035985,41.68341930034512
T1_anchored_s46,T1,anchored,46,s_vector_pct,5.0,True,10000,10000,max_iter,1.2761983914750668,1150,50.551845299996785,52.80785749999632,53.64183469999989,31.66096480024862,33.088893300286145
T1_anchored_s46,T1,anchored,46,s_vector_pct,2.0,True,10000,10000,max_iter,1.2761983914750668,4450,202.03908729999966,204.2992782000074,205.13431979999586,128.294762200283,129.73439570033224
T1_anchored_s46,T1,anchored,46,s_vector_pct,1.0,False,10000,10000,max_iter,1.2761983914750668,,,,,,
C8_independent_gaussian_s44,C8,independent_gaussian,44,u_vector_pct,5.0,True,2000,2000,max_iter,0.057927401446848124,150,4.155620700010331,6.320728100006818,6.708428700003424,3.1066017000412103,4.9059273000311805
C8_independent_gaussian_s44,C8,independent_gaussian,44,u_vector_pct,2.0,True,2000,2000,max_iter,0.057927401446848124,250,8.3531753999996,10.433222400009981,10.784702900011325,6.550120000014431,8.267807600059314
C8_independent_gaussian_s44,C8,independent_gaussian,44,u_vector_pct,1.0,True,2000,2000,max_iter,0.057927401446848124,350,12.470892600002117,14.640110800013645,15.006102100000135,9.953402200058918,11.761286200082395
C8_independent_gaussian_s44,C8,independent_gaussian,44,s_vector_pct,5.0,True,2000,2000,max_iter,0.4614703582869866,300,10.433222400009981,12.470892600002117,12.830500100011704,8.267807600059314,9.953402200058918
C8_independent_gaussian_s44,C8,independent_gaussian,44,s_vector_pct,2.0,True,2000,2000,max_iter,0.4614703582869866,600,23.147897600007127,25.378418899999815,25.763439500005916,18.76396820010268,20.599098600068828
C8_independent_gaussian_s44,C8,independent_gaussian,44,s_vector_pct,1.0,True,2000,2000,max_iter,0.4614703582869866,1050,42.67349540001305,44.918573900009505,45.28357820000383,34.83774680014176,36.72359480016166
C5_fourier_s44,C5,fourier,44,u_vector_pct,5.0,True,2000,2000,max_iter,0.2128417993659515,200,6.515286199995899,8.660350299993297,9.099760500001139,4.990476199949626,6.762576799985254
C5_fourier_s44,C5,fourier,44,u_vector_pct,2.0,True,2000,2000,max_iter,0.2128417993659515,250,8.660350299993297,11.069460999991861,11.460786600000574,6.762576799985254,8.7307372999785
C5_fourier_s44,C5,fourier,44,u_vector_pct,1.0,True,2000,2000,max_iter,0.2128417993659515,500,20.181801600003382,22.25997469999129,22.591258300002664,16.171421599923633,17.850994399937917
C5_fourier_s44,C5,fourier,44,s_vector_pct,5.0,True,2000,2000,max_iter,0.5763045591844359,300,11.069460999991861,13.276079399991431,13.72289569998975,8.7307372999785,10.54550089991244
C5_fourier_s44,C5,fourier,44,s_vector_pct,2.0,True,2000,2000,max_iter,0.5763045591844359,550,22.25997469999129,24.24540509999497,24.599615899991477,17.850994399937917,19.503580599935958
C5_fourier_s44,C5,fourier,44,s_vector_pct,1.0,True,2000,2000,max_iter,0.5763045591844359,1100,45.576684599989676,47.7081354999973,48.107921199989505,37.1555195000401,38.961173200033954
C6_dem_s42,C6,dem,42,u_vector_pct,5.0,True,1000,1000,max_iter,1.9795047619980257,250,8.799119000002975,10.870390000010957,11.536574099998688,5.2977332000155,6.69121059999452
C6_dem_s42,C6,dem,42,u_vector_pct,2.0,True,1000,1000,max_iter,1.9795047619980257,900,36.29931330001273,38.67728580000403,39.43801140000869,23.89427329984028,25.572717299772194
C6_dem_s42,C6,dem,42,u_vector_pct,1.0,False,1000,1000,max_iter,1.9795047619980257,,,,,,
C6_dem_s42,C6,dem,42,s_vector_pct,5.0,False,1000,1000,max_iter,6.640134568839387,,,,,,
C6_dem_s42,C6,dem,42,s_vector_pct,2.0,False,1000,1000,max_iter,6.640134568839387,,,,,,
C6_dem_s42,C6,dem,42,s_vector_pct,1.0,False,1000,1000,max_iter,6.640134568839387,,,,,,
C8_anchored_s44,C8,anchored,44,u_vector_pct,5.0,True,2000,2000,max_iter,0.09601959734437313,200,6.314582699997118,8.52979649999179,8.927109600001131,4.803116199967917,6.623171399929561
C8_anchored_s44,C8,anchored,44,u_vector_pct,2.0,True,2000,2000,max_iter,0.09601959734437313,250,8.52979649999179,10.66801029999624,11.03689220000524,6.623171399929561,8.361252399874502
C8_anchored_s44,C8,anchored,44,u_vector_pct,1.0,True,2000,2000,max_iter,0.09601959734437313,450,16.848652000000584,18.97695309999108,19.349130300004617,13.46763060001831,15.21771670000453
C8_anchored_s44,C8,anchored,44,s_vector_pct,5.0,True,2000,2000,max_iter,0.6224653175944306,400,14.675174399992102,16.848652000000584,17.22513340000296,11.65815009996004,13.46763060001831
C8_anchored_s44,C8,anchored,44,s_vector_pct,2.0,True,2000,2000,max_iter,0.6224653175944306,750,29.918891299996176,32.0274430999998,32.35082969999348,24.22706859993923,25.968464299934567
C8_anchored_s44,C8,anchored,44,s_vector_pct,1.0,True,2000,2000,max_iter,0.6224653175944306,1250,50.61783950000245,52.75588539999444,53.10286359999736,41.46975549995841,43.25881019998633
C4_fourier_s43,C4,fourier,43,u_vector_pct,5.0,True,2000,2000,max_iter,0.0853834201728345,100,2.1761533000099007,4.32446930000151,4.685976700013271,1.4818367999396287,3.2496656998991966
C4_fourier_s43,C4,fourier,43,u_vector_pct,2.0,True,2000,2000,max_iter,0.0853834201728345,150,4.32446930000151,6.431282000005012,6.809596600010991,3.2496656998991966,4.993196799885482
C4_fourier_s43,C4,fourier,43,u_vector_pct,1.0,True,2000,2000,max_iter,0.0853834201728345,300,10.741925700000138,13.066076700008125,13.481780300004175,8.552299399918411,10.50964519995614
C4_fourier_s43,C4,fourier,43,s_vector_pct,5.0,True,2000,2000,max_iter,0.3305663601544506,250,8.506372000003466,10.741925700000138,11.108098100012285,6.689429599879077,8.552299399918411
C4_fourier_s43,C4,fourier,43,s_vector_pct,2.0,True,2000,2000,max_iter,0.3305663601544506,450,17.60175960000197,19.746525400012615,20.070891400013352,14.209797699921182,16.0086545998347
C4_fourier_s43,C4,fourier,43,s_vector_pct,1.0,True,2000,2000,max_iter,0.3305663601544506,700,28.043705900010536,30.18817810001201,30.53395090000413,22.921883199800504,24.745859299742733
C8_independent_marginal_s48,C8,independent_marginal,48,u_vector_pct,5.0,True,2000,2000,max_iter,0.10660412988854776,150,4.340192900010152,6.496944200000144,6.8563420999998925,3.1244031999376602,4.881001899964758
C8_independent_marginal_s48,C8,independent_marginal,48,u_vector_pct,2.0,True,2000,2000,max_iter,0.10660412988854776,250,8.514443300009589,10.616816699999617,10.984274500005995,6.538423399979365,8.251906600024085
C8_independent_marginal_s48,C8,independent_marginal,48,u_vector_pct,1.0,True,2000,2000,max_iter,0.10660412988854776,350,12.531892800005153,14.448697400002857,14.79975320000085,9.798991700066836,11.40310550002323
C8_independent_marginal_s48,C8,independent_marginal,48,s_vector_pct,5.0,True,2000,2000,max_iter,0.7630466532449437,400,14.448697400002857,16.268530000001192,16.628524100000504,11.40310550002323,12.871377600036794
C8_independent_marginal_s48,C8,independent_marginal,48,s_vector_pct,2.0,True,2000,2000,max_iter,0.7630466532449437,750,28.613281600002665,30.32964740000898,30.69875910000701,22.855187000066508,24.193897400065907
C8_independent_marginal_s48,C8,independent_marginal,48,s_vector_pct,1.0,True,2000,2000,max_iter,0.7630466532449437,1500,58.82843799999682,60.90358310000738,61.29555490000348,47.64632780008833,49.395736700098496
C8_anchored_s46,C8,anchored,46,u_vector_pct,5.0,True,2000,2000,max_iter,0.19051982185970728,150,4.185086600002251,6.252930999995442,6.575760899999295,2.9959183000028133,4.671638299943879
C8_anchored_s46,C8,anchored,46,u_vector_pct,2.0,True,2000,2000,max_iter,0.19051982185970728,350,12.36240660000476,14.570994000008795,14.911733100001584,9.71361629992316,11.541064099903451
C8_anchored_s46,C8,anchored,46,u_vector_pct,1.0,True,2000,2000,max_iter,0.19051982185970728,500,18.795373100001598,20.952038500006893,21.299617299999227,15.064048599888338,16.8739462998783
C8_anchored_s46,C8,anchored,46,s_vector_pct,5.0,True,2000,2000,max_iter,0.8457221737735383,450,16.729940500008524,18.795373100001598,19.141551900000195,13.358621099891025,15.064048599888338
C8_anchored_s46,C8,anchored,46,s_vector_pct,2.0,True,2000,2000,max_iter,0.8457221737735383,900,36.48730880000221,38.65696599999501,38.99982199999795,29.825821899736184,31.607758599726367
C8_anchored_s46,C8,anchored,46,s_vector_pct,1.0,True,2000,2000,max_iter,0.8457221737735383,1750,70.79836369999975,73.13482340000337,73.48297510000702,57.898631399686565,59.813394399767276
C8_fourier_half_s48,C8,fourier_half,48,u_vector_pct,5.0,True,2000,2000,max_iter,0.061352769165415114,100,2.079807799993432,4.061093699987396,4.396175799993216,1.3343147999839857,3.0030190999095794
C8_fourier_half_s48,C8,fourier_half,48,u_vector_pct,2.0,True,2000,2000,max_iter,0.061352769165415114,200,6.108202399991569,8.120630999997957,8.47115679999115,4.705640699874493,6.381908899900736
C8_fourier_half_s48,C8,fourier_half,48,u_vector_pct,1.0,True,2000,2000,max_iter,0.061352769165415114,200,6.108202399991569,8.120630999997957,8.47115679999115,4.705640699874493,6.381908899900736
C8_fourier_half_s48,C8,fourier_half,48,s_vector_pct,5.0,True,2000,2000,max_iter,0.32493153479782344,200,6.108202399991569,8.120630999997957,8.47115679999115,4.705640699874493,6.381908899900736
C8_fourier_half_s48,C8,fourier_half,48,s_vector_pct,2.0,True,2000,2000,max_iter,0.32493153479782344,350,12.157924899991485,14.477946599989082,14.876616899986402,9.741472999987309,11.747472299961373
C8_fourier_half_s48,C8,fourier_half,48,s_vector_pct,1.0,True,2000,2000,max_iter,0.32493153479782344,600,22.962499199988088,25.024344399993424,25.3538247999968,18.831875600051717,20.561445100029232
C8_fourier_half_s46,C8,fourier_half,46,u_vector_pct,5.0,True,2000,2000,max_iter,0.05211974468912903,100,2.305519199988339,4.291728199998033,4.605895899992902,1.511947999955737,3.113120199952391
C8_fourier_half_s46,C8,fourier_half,46,u_vector_pct,2.0,True,2000,2000,max_iter,0.05211974468912903,150,4.291728199998033,6.319677499996033,6.635847699988517,3.113120199952391,4.819133599943598
C8_fourier_half_s46,C8,fourier_half,46,u_vector_pct,1.0,True,2000,2000,max_iter,0.05211974468912903,200,6.319677499996033,8.339650599999004,8.723054899994167,4.819133599943598,6.522300800002995
C8_fourier_half_s46,C8,fourier_half,46,s_vector_pct,5.0,True,2000,2000,max_iter,0.2936167911404076,200,6.319677499996033,8.339650599999004,8.723054899994167,4.819133599943598,6.522300800002995
C8_fourier_half_s46,C8,fourier_half,46,s_vector_pct,2.0,True,2000,2000,max_iter,0.2936167911404076,350,12.546450799985905,14.600697999994736,15.059332999997423,9.977998799906345,11.701254499974311
C8_fourier_half_s46,C8,fourier_half,46,s_vector_pct,1.0,True,2000,2000,max_iter,0.2936167911404076,550,21.856423799996264,24.238651699997718,24.619364099999075,17.619659500051057,19.57784270006232
C8_anchored_s48,C8,anchored,48,u_vector_pct,5.0,True,2000,2000,max_iter,0.10467570986812333,150,3.903073099994799,5.803115400005481,6.135134900003322,2.8374408000381663,4.401150599995162
C8_anchored_s48,C8,anchored,48,u_vector_pct,2.0,True,2000,2000,max_iter,0.10467570986812333,200,5.803115400005481,7.7488275000068825,8.1075634000008,4.401150599995162,6.014292299936642
C8_anchored_s48,C8,anchored,48,u_vector_pct,1.0,True,2000,2000,max_iter,0.10467570986812333,450,15.5787743999972,17.52719779999461,17.868233500004862,12.505152399899089,14.128319099880173
C8_anchored_s48,C8,anchored,48,s_vector_pct,5.0,True,2000,2000,max_iter,0.8387960491920043,450,15.5787743999972,17.52719779999461,17.868233500004862,12.505152399899089,14.128319099880173
C8_anchored_s48,C8,anchored,48,s_vector_pct,2.0,True,2000,2000,max_iter,0.8387960491920043,900,33.6420564,35.786475300003076,36.114904100002605,27.425648599819397,29.20671349982149
C8_anchored_s48,C8,anchored,48,s_vector_pct,1.0,True,2000,2000,max_iter,0.8387960491920043,1750,68.20509760000277,70.16236750000098,70.52066579999519,56.030570199902286,57.63557359985134
C2_vanilla_s41,C2,vanilla,41,u_vector_pct,5.0,True,2000,2000,max_iter,1.0867208516594926,750,28.444107899995288,30.18715090000478,30.502765199998976,22.94492699978582,24.36489609981072
C2_vanilla_s41,C2,vanilla,41,u_vector_pct,2.0,True,2000,2000,max_iter,1.0867208516594926,1300,49.14119890000438,51.35452949999308,51.73534240000299,39.93678149963671,41.78886059965589
C2_vanilla_s41,C2,vanilla,41,u_vector_pct,1.0,True,2000,2000,max_iter,1.0867208516594926,1700,66.15167069999734,67.95372839999618,68.26120379999338,53.97368359967368,55.43338399961067
C2_vanilla_s41,C2,vanilla,41,s_vector_pct,5.0,False,2000,2000,max_iter,6.798280765921257,,,,,,
C2_vanilla_s41,C2,vanilla,41,s_vector_pct,2.0,False,2000,2000,max_iter,6.798280765921257,,,,,,
C2_vanilla_s41,C2,vanilla,41,s_vector_pct,1.0,False,2000,2000,max_iter,6.798280765921257,,,,,,
C8_vanilla_s45,C8,vanilla,45,u_vector_pct,5.0,True,2000,2000,max_iter,1.2175410699733387,900,33.95750319999934,36.11900240000978,36.4913949000038,27.609423599904403,29.427973599915276
C8_vanilla_s45,C8,vanilla,45,u_vector_pct,2.0,True,2000,2000,max_iter,1.2175410699733387,1650,67.08972270000959,69.25153860000137,69.616320000001,55.3466472998407,57.175145999877714
C8_vanilla_s45,C8,vanilla,45,u_vector_pct,1.0,False,2000,2000,max_iter,1.2175410699733387,,,,,,
C8_vanilla_s45,C8,vanilla,45,s_vector_pct,5.0,False,2000,2000,max_iter,6.317460639305918,,,,,,
C8_vanilla_s45,C8,vanilla,45,s_vector_pct,2.0,False,2000,2000,max_iter,6.317460639305918,,,,,,
C8_vanilla_s45,C8,vanilla,45,s_vector_pct,1.0,False,2000,2000,max_iter,6.317460639305918,,,,,,
C1_fourier_s48,C1,fourier,48,u_vector_pct,5.0,True,2000,2000,max_iter,1.3295177626457495,150,4.417050100004417,6.626979399996344,7.027660899999319,3.308058200054802,5.112962100145523
C1_fourier_s48,C1,fourier,48,u_vector_pct,2.0,True,2000,2000,max_iter,1.3295177626457495,200,6.626979399996344,8.962927900007344,9.340020300005563,5.112962100145523,7.04756400010956
C1_fourier_s48,C1,fourier,48,u_vector_pct,1.0,False,2000,2000,max_iter,1.3295177626457495,,,,,,
C1_fourier_s48,C1,fourier,48,s_vector_pct,5.0,False,2000,2000,max_iter,6.272906107283067,,,,,,
C1_fourier_s48,C1,fourier,48,s_vector_pct,2.0,False,2000,2000,max_iter,6.272906107283067,,,,,,
C1_fourier_s48,C1,fourier,48,s_vector_pct,1.0,False,2000,2000,max_iter,6.272906107283067,,,,,,
C5_vanilla_s45,C5,vanilla,45,u_vector_pct,5.0,True,2000,2000,max_iter,1.3446864707346753,1150,43.59737990000576,45.619647200001054,45.94804980000481,35.7256840999471,37.381212599997525
C5_vanilla_s45,C5,vanilla,45,u_vector_pct,2.0,True,2000,2000,max_iter,1.3446864707346753,1950,77.25561829999788,79.50405000000319,79.90224840000155,63.636534999881405,65.46897189988522
C5_vanilla_s45,C5,vanilla,45,u_vector_pct,1.0,False,2000,2000,max_iter,1.3446864707346753,,,,,,
C5_vanilla_s45,C5,vanilla,45,s_vector_pct,5.0,False,2000,2000,max_iter,6.830844055257492,,,,,,
C5_vanilla_s45,C5,vanilla,45,s_vector_pct,2.0,False,2000,2000,max_iter,6.830844055257492,,,,,,
C5_vanilla_s45,C5,vanilla,45,s_vector_pct,1.0,False,2000,2000,max_iter,6.830844055257492,,,,,,
T1_vanilla_matched_s46,T1,vanilla_matched,46,u_vector_pct,5.0,True,10000,10000,max_iter,0.840430195164261,3100,135.09953010000754,137.2702500000014,138.02742170001147,87.96673419971194,89.38031839966425
T1_vanilla_matched_s46,T1,vanilla_matched,46,u_vector_pct,2.0,True,10000,10000,max_iter,0.840430195164261,5450,240.03142520000983,242.24568100000033,243.00238320000062,157.06795979967865,158.52057669962232
T1_vanilla_matched_s46,T1,vanilla_matched,46,u_vector_pct,1.0,True,10000,10000,max_iter,0.840430195164261,8750,385.4978625000076,387.6918374000088,388.4455978000042,252.25930689950474,253.67707249955856
T1_vanilla_matched_s46,T1,vanilla_matched,46,s_vector_pct,5.0,True,10000,10000,max_iter,3.279056586921627,6150,271.1108154000103,273.2654792000103,274.02873730000283,177.50183519965503,178.89071329965373
T1_vanilla_matched_s46,T1,vanilla_matched,46,s_vector_pct,2.0,False,10000,10000,max_iter,3.279056586921627,,,,,,
T1_vanilla_matched_s46,T1,vanilla_matched,46,s_vector_pct,1.0,False,10000,10000,max_iter,3.279056586921627,,,,,,
C8_fourier_double_s44,C8,fourier_double,44,u_vector_pct,5.0,False,2000,2000,max_iter,20.512170842719062,,,,,,
C8_fourier_double_s44,C8,fourier_double,44,u_vector_pct,2.0,False,2000,2000,max_iter,20.512170842719062,,,,,,
C8_fourier_double_s44,C8,fourier_double,44,u_vector_pct,1.0,False,2000,2000,max_iter,20.512170842719062,,,,,,
C8_fourier_double_s44,C8,fourier_double,44,s_vector_pct,5.0,False,2000,2000,max_iter,13.115364647824979,,,,,,
C8_fourier_double_s44,C8,fourier_double,44,s_vector_pct,2.0,False,2000,2000,max_iter,13.115364647824979,,,,,,
C8_fourier_double_s44,C8,fourier_double,44,s_vector_pct,1.0,False,2000,2000,max_iter,13.115364647824979,,,,,,
C2_vanilla_s43,C2,vanilla,43,u_vector_pct,5.0,True,2000,2000,max_iter,1.3659393943897256,800,29.227530899996054,31.30540860000474,31.68457739999576,23.77404629997909,25.466003400011687
C2_vanilla_s43,C2,vanilla,43,u_vector_pct,2.0,True,2000,2000,max_iter,1.3659393943897256,1600,62.02617860000464,64.10436169999593,64.4595696000033,50.87139809981454,52.5592492998403
C2_vanilla_s43,C2,vanilla,43,u_vector_pct,1.0,False,2000,2000,max_iter,1.3659393943897256,,,,,,
C2_vanilla_s43,C2,vanilla,43,s_vector_pct,5.0,False,2000,2000,max_iter,7.223368422941345,,,,,,
C2_vanilla_s43,C2,vanilla,43,s_vector_pct,2.0,False,2000,2000,max_iter,7.223368422941345,,,,,,
C2_vanilla_s43,C2,vanilla,43,s_vector_pct,1.0,False,2000,2000,max_iter,7.223368422941345,,,,,,
C8_fourier_half_s43,C8,fourier_half,43,u_vector_pct,5.0,True,2000,2000,max_iter,0.026897998043720592,100,2.08919440000318,4.183505299995886,4.511037699994631,1.3919635000493145,3.114523000040208
C8_fourier_half_s43,C8,fourier_half,43,u_vector_pct,2.0,True,2000,2000,max_iter,0.026897998043720592,150,4.183505299995886,6.2218110999965575,6.585356099996716,3.114523000040208,4.815617899992503
C8_fourier_half_s43,C8,fourier_half,43,u_vector_pct,1.0,True,2000,2000,max_iter,0.026897998043720592,200,6.2218110999965575,8.304121499997564,8.670230399991851,4.815617899992503,6.533847899991088
C8_fourier_half_s43,C8,fourier_half,43,s_vector_pct,5.0,True,2000,2000,max_iter,0.2340468201522016,200,6.2218110999965575,8.304121499997564,8.670230399991851,4.815617899992503,6.533847899991088
C8_fourier_half_s43,C8,fourier_half,43,s_vector_pct,2.0,True,2000,2000,max_iter,0.2340468201522016,300,10.446138700004667,12.465990800003055,12.828837900000508,8.307731200024136,9.989890299984836
C8_fourier_half_s43,C8,fourier_half,43,s_vector_pct,1.0,True,2000,2000,max_iter,0.2340468201522016,500,18.703218900001957,20.822688400003244,21.181207300003734,15.18382269985159,16.962653899856377
C6_anchored_s41,C6,anchored,41,u_vector_pct,5.0,True,2000,2000,max_iter,0.46757058941814617,200,6.30792749999091,8.480369799988694,8.831486099996255,4.743014200066682,6.505674100015312
C6_anchored_s41,C6,anchored,41,u_vector_pct,2.0,True,2000,2000,max_iter,0.46757058941814617,400,14.38923239998985,16.60946339998918,17.015318699995987,11.302363399969181,13.137391699958243
C6_anchored_s41,C6,anchored,41,u_vector_pct,1.0,True,2000,2000,max_iter,0.46757058941814617,750,29.479971599997953,31.63063189999957,32.019950599991716,23.81144789996324,25.585419999901205
C6_anchored_s41,C6,anchored,41,s_vector_pct,5.0,True,2000,2000,max_iter,2.2327353545152597,700,27.432324599998537,29.479971599997953,29.85488699999405,22.10576579994813,23.81144789996324
C6_anchored_s41,C6,anchored,41,s_vector_pct,2.0,False,2000,2000,max_iter,2.2327353545152597,,,,,,
C6_anchored_s41,C6,anchored,41,s_vector_pct,1.0,False,2000,2000,max_iter,2.2327353545152597,,,,,,
C1_fourier_double_s42,C1,fourier_double,42,u_vector_pct,5.0,False,2000,2000,max_iter,61.48720288207728,,,,,,
C1_fourier_double_s42,C1,fourier_double,42,u_vector_pct,2.0,False,2000,2000,max_iter,61.48720288207728,,,,,,
C1_fourier_double_s42,C1,fourier_double,42,u_vector_pct,1.0,False,2000,2000,max_iter,61.48720288207728,,,,,,
C1_fourier_double_s42,C1,fourier_double,42,s_vector_pct,5.0,False,2000,2000,max_iter,52.50161163538929,,,,,,
C1_fourier_double_s42,C1,fourier_double,42,s_vector_pct,2.0,False,2000,2000,max_iter,52.50161163538929,,,,,,
C1_fourier_double_s42,C1,fourier_double,42,s_vector_pct,1.0,False,2000,2000,max_iter,52.50161163538929,,,,,,
C1_fourier_half_s41,C1,fourier_half,41,u_vector_pct,5.0,True,2000,2000,max_iter,0.2588943516380047,100,2.0223454000079073,3.995241900003748,4.300352899997961,1.3558899000054225,3.017593399999896
C1_fourier_half_s41,C1,fourier_half,41,u_vector_pct,2.0,True,2000,2000,max_iter,0.2588943516380047,250,8.241684499997064,10.399571200003265,10.762720700004138,6.553532299891231,8.324684599938337
C1_fourier_half_s41,C1,fourier_half,41,u_vector_pct,1.0,True,2000,2000,max_iter,0.2588943516380047,300,10.399571200003265,12.321962700007134,12.681290699998499,8.324684599938337,9.883498399838572
C1_fourier_half_s41,C1,fourier_half,41,s_vector_pct,5.0,True,2000,2000,max_iter,2.3267123281774733,750,28.846799500010093,31.13773499999661,31.529775300004985,23.559239599708235,25.49297609970381
C1_fourier_half_s41,C1,fourier_half,41,s_vector_pct,2.0,False,2000,2000,max_iter,2.3267123281774733,,,,,,
C1_fourier_half_s41,C1,fourier_half,41,s_vector_pct,1.0,False,2000,2000,max_iter,2.3267123281774733,,,,,,
T1_fourier_s46,T1,fourier,46,u_vector_pct,5.0,True,10000,10000,max_iter,0.2981669148380879,200,7.962065100000473,10.28539489999821,11.117615600000136,4.591528499906417,6.067436099925544
T1_fourier_s46,T1,fourier,46,u_vector_pct,2.0,True,10000,10000,max_iter,0.2981669148380879,400,17.464426999998977,19.820650800000294,20.658420499996282,10.742889499946614,12.263580999991973
T1_fourier_s46,T1,fourier,46,u_vector_pct,1.0,True,10000,10000,max_iter,0.2981669148380879,450,19.820650800000294,22.18022409999685,23.019308699993417,12.263580999991973,13.784120800002711
T1_fourier_s46,T1,fourier,46,s_vector_pct,5.0,True,10000,10000,max_iter,0.9979696835950552,350,15.079251499992097,17.464426999998977,18.29951909999363,9.190839299932122,10.742889499946614
T1_fourier_s46,T1,fourier,46,s_vector_pct,2.0,True,10000,10000,max_iter,0.9979696835950552,900,41.245347799995216,43.56936949999363,44.409227199997986,26.10930310029653,27.601007300254423
T1_fourier_s46,T1,fourier,46,s_vector_pct,1.0,True,10000,10000,max_iter,0.9979696835950552,9750,461.5505872999929,463.93804900000396,464.78733019999345,298.67652060024557,300.2204251001531
C6_fourier_s42,C6,fourier,42,u_vector_pct,5.0,True,2000,2000,max_iter,0.5436968106538587,100,2.3330524999910267,4.471285399995395,4.809664300002623,1.531617099957657,3.319400299937115
C6_fourier_s42,C6,fourier,42,u_vector_pct,2.0,True,2000,2000,max_iter,0.5436968106538587,250,8.889019399997778,11.024645800003782,11.352022399994894,6.978958999941824,8.771548599921516
C6_fourier_s42,C6,fourier,42,u_vector_pct,1.0,True,2000,2000,max_iter,0.5436968106538587,700,28.80183589999797,31.17563909999444,31.582018899993272,23.574594199904823,25.624345499891206
C6_fourier_s42,C6,fourier,42,s_vector_pct,5.0,True,2000,2000,max_iter,1.6867095592411037,450,17.525875599996652,19.771723900004872,20.157299999991665,14.20034959995246,16.059495599911315
C6_fourier_s42,C6,fourier,42,s_vector_pct,2.0,True,2000,2000,max_iter,1.6867095592411037,1500,64.4184333000012,66.46025419999205,66.81425450000097,53.25381349978852,54.97293009982968
C6_fourier_s42,C6,fourier,42,s_vector_pct,1.0,False,2000,2000,max_iter,1.6867095592411037,,,,,,
C6_vanilla_s43,C6,vanilla,43,u_vector_pct,5.0,True,2000,2000,max_iter,2.9196071129173498,1600,64.35938189999433,66.49662089999765,66.80930140000419,52.7490110998624,54.504794399879756
C6_vanilla_s43,C6,vanilla,43,u_vector_pct,2.0,False,2000,2000,max_iter,2.9196071129173498,,,,,,
C6_vanilla_s43,C6,vanilla,43,u_vector_pct,1.0,False,2000,2000,max_iter,2.9196071129173498,,,,,,
C6_vanilla_s43,C6,vanilla,43,s_vector_pct,5.0,False,2000,2000,max_iter,9.439193381215725,,,,,,
C6_vanilla_s43,C6,vanilla,43,s_vector_pct,2.0,False,2000,2000,max_iter,9.439193381215725,,,,,,
C6_vanilla_s43,C6,vanilla,43,s_vector_pct,1.0,False,2000,2000,max_iter,9.439193381215725,,,,,,
C5_dem_s43,C5,dem,43,u_vector_pct,5.0,True,1000,1000,max_iter,1.549787841254332,200,6.993610199991963,9.32777749998786,10.077117499997257,4.2307148999971105,5.808234500029357
C5_dem_s43,C5,dem,43,u_vector_pct,2.0,True,1000,1000,max_iter,1.549787841254332,550,22.821074099992984,24.97330059998785,25.666729899996426,14.82541369998944,16.276693599982536
C5_dem_s43,C5,dem,43,u_vector_pct,1.0,False,1000,1000,max_iter,1.549787841254332,,,,,,
C5_dem_s43,C5,dem,43,s_vector_pct,5.0,False,1000,1000,max_iter,5.657255968997519,,,,,,
C5_dem_s43,C5,dem,43,s_vector_pct,2.0,False,1000,1000,max_iter,5.657255968997519,,,,,,
C5_dem_s43,C5,dem,43,s_vector_pct,1.0,False,1000,1000,max_iter,5.657255968997519,,,,,,
C6_anchored_s43,C6,anchored,43,u_vector_pct,5.0,True,2000,2000,max_iter,0.41462850763119136,250,7.9655128000013065,9.927187299996149,10.260323299997253,6.252676700052689,7.844549200104666
C6_anchored_s43,C6,anchored,43,u_vector_pct,2.0,True,2000,2000,max_iter,0.41462850763119136,450,16.16448269999819,18.260874700004933,18.673363699999754,12.97684620016662,14.694854900197242
C6_anchored_s43,C6,anchored,43,u_vector_pct,1.0,True,2000,2000,max_iter,0.41462850763119136,900,35.32184910000069,37.531586199998856,37.89367710000079,28.736489900184097,30.557406100153457
C6_anchored_s43,C6,anchored,43,s_vector_pct,5.0,True,2000,2000,max_iter,2.1200963864288753,700,26.860040100000333,29.13155230000848,29.508677200006787,21.793729300101404,23.69142790020851
C6_anchored_s43,C6,anchored,43,s_vector_pct,2.0,False,2000,2000,max_iter,2.1200963864288753,,,,,,
C6_anchored_s43,C6,anchored,43,s_vector_pct,1.0,False,2000,2000,max_iter,2.1200963864288753,,,,,,
C3_xpinn_s41,C3,xpinn,41,u_vector_pct,5.0,True,2000,2000,max_iter,4.202622360713203,1500,114.34872820001328,117.92753280000761,118.42644150000706,96.27944909973303,99.19918809982482
C3_xpinn_s41,C3,xpinn,41,u_vector_pct,2.0,False,2000,2000,max_iter,4.202622360713203,,,,,,
C3_xpinn_s41,C3,xpinn,41,u_vector_pct,1.0,False,2000,2000,max_iter,4.202622360713203,,,,,,
C3_xpinn_s41,C3,xpinn,41,s_vector_pct,5.0,False,2000,2000,max_iter,20.31328493115751,,,,,,
C3_xpinn_s41,C3,xpinn,41,s_vector_pct,2.0,False,2000,2000,max_iter,20.31328493115751,,,,,,
C3_xpinn_s41,C3,xpinn,41,s_vector_pct,1.0,False,2000,2000,max_iter,20.31328493115751,,,,,,
C3_dem_s44,C3,dem,44,u_vector_pct,5.0,True,1000,1000,max_iter,0.877042478870169,200,6.88995120000618,9.237454800007981,9.987542799994117,4.064862100000028,5.6937592000176664
C3_dem_s44,C3,dem,44,u_vector_pct,2.0,True,1000,1000,max_iter,0.877042478870169,250,9.237454800007981,11.578493299995898,12.308781100000488,5.6937592000176664,7.282986100050039
C3_dem_s44,C3,dem,44,u_vector_pct,1.0,True,1000,1000,max_iter,0.877042478870169,350,13.757924100005766,15.857748900001752,16.621902600003523,8.731699000112712,10.09226930011937
C3_dem_s44,C3,dem,44,s_vector_pct,5.0,False,1000,1000,max_iter,8.025560317356476,,,,,,
C3_dem_s44,C3,dem,44,s_vector_pct,2.0,False,1000,1000,max_iter,8.025560317356476,,,,,,
C3_dem_s44,C3,dem,44,s_vector_pct,1.0,False,1000,1000,max_iter,8.025560317356476,,,,,,
C1_independent_marginal_s45,C1,independent_marginal,45,u_vector_pct,5.0,True,2000,2000,max_iter,0.2351207646676138,150,3.933915600006003,5.9455589999997756,6.339631800001371,2.888900800040574,4.510933000070509
C1_independent_marginal_s45,C1,independent_marginal,45,u_vector_pct,2.0,True,2000,2000,max_iter,0.2351207646676138,350,12.033630300007644,14.12430540000787,14.507228900009068,9.514227200023015,11.21813470001507
C1_independent_marginal_s45,C1,independent_marginal,45,u_vector_pct,1.0,True,2000,2000,max_iter,0.2351207646676138,700,26.31938350001292,28.29331870000169,28.63626800000202,21.257390000115265,22.88491440008511
C1_independent_marginal_s45,C1,independent_marginal,45,s_vector_pct,5.0,True,2000,2000,max_iter,3.076079147178244,1100,42.097817500005476,44.210665100006736,44.603648000003886,34.16952480006148,35.873489500096184
C1_independent_marginal_s45,C1,independent_marginal,45,s_vector_pct,2.0,False,2000,2000,max_iter,3.076079147178244,,,,,,
C1_independent_marginal_s45,C1,independent_marginal,45,s_vector_pct,1.0,False,2000,2000,max_iter,3.076079147178244,,,,,,
C8_vanilla_matched_s47,C8,vanilla_matched,47,u_vector_pct,5.0,True,2000,2000,max_iter,1.0820438689373992,1000,37.17563959999825,39.33579510000709,39.71278909999819,30.36177710008633,32.14225030009402
C8_vanilla_matched_s47,C8,vanilla_matched,47,u_vector_pct,2.0,True,2000,2000,max_iter,1.0820438689373992,1550,60.312057999995886,62.408005500008585,62.79062349999731,49.44253059994662,51.21260679990519
C8_vanilla_matched_s47,C8,vanilla_matched,47,u_vector_pct,1.0,False,2000,2000,max_iter,1.0820438689373992,,,,,,
C8_vanilla_matched_s47,C8,vanilla_matched,47,s_vector_pct,5.0,False,2000,2000,max_iter,6.448734517847255,,,,,,
C8_vanilla_matched_s47,C8,vanilla_matched,47,s_vector_pct,2.0,False,2000,2000,max_iter,6.448734517847255,,,,,,
C8_vanilla_matched_s47,C8,vanilla_matched,47,s_vector_pct,1.0,False,2000,2000,max_iter,6.448734517847255,,,,,,
C7_vanilla_s42,C7,vanilla,42,u_vector_pct,5.0,True,2000,2000,max_iter,4.8015834222880125,1850,73.8643282999983,75.64303150000342,75.97861320000084,60.8649514997378,62.33779399977357
C7_vanilla_s42,C7,vanilla,42,u_vector_pct,2.0,False,2000,2000,max_iter,4.8015834222880125,,,,,,
C7_vanilla_s42,C7,vanilla,42,u_vector_pct,1.0,False,2000,2000,max_iter,4.8015834222880125,,,,,,
C7_vanilla_s42,C7,vanilla,42,s_vector_pct,5.0,False,2000,2000,max_iter,16.577513618517667,,,,,,
C7_vanilla_s42,C7,vanilla,42,s_vector_pct,2.0,False,2000,2000,max_iter,16.577513618517667,,,,,,
C7_vanilla_s42,C7,vanilla,42,s_vector_pct,1.0,False,2000,2000,max_iter,16.577513618517667,,,,,,
C8_xpinn_s45,C8,xpinn,45,u_vector_pct,5.0,True,2000,2000,max_iter,4.289973082021501,1500,114.50476239999989,117.89883340000233,118.50725229999807,96.65203409997048,99.52850109995052
C8_xpinn_s45,C8,xpinn,45,u_vector_pct,2.0,False,2000,2000,max_iter,4.289973082021501,,,,,,
C8_xpinn_s45,C8,xpinn,45,u_vector_pct,1.0,False,2000,2000,max_iter,4.289973082021501,,,,,,
C8_xpinn_s45,C8,xpinn,45,s_vector_pct,5.0,False,2000,2000,max_iter,18.269265964105283,,,,,,
C8_xpinn_s45,C8,xpinn,45,s_vector_pct,2.0,False,2000,2000,max_iter,18.269265964105283,,,,,,
C8_xpinn_s45,C8,xpinn,45,s_vector_pct,1.0,False,2000,2000,max_iter,18.269265964105283,,,,,,
C8_anchored_s45,C8,anchored,45,u_vector_pct,5.0,True,2000,2000,max_iter,0.10880373833304784,150,4.203983399987919,6.400430399997276,6.803182599993306,3.067127700021956,4.836104299989529
C8_anchored_s45,C8,anchored,45,u_vector_pct,2.0,True,2000,2000,max_iter,0.10880373833304784,350,12.51664869999513,14.461109099996975,14.88737399999809,9.812397300105658,11.408759500074666
C8_anchored_s45,C8,anchored,45,u_vector_pct,1.0,True,2000,2000,max_iter,0.10880373833304784,400,14.461109099996975,16.64751840000099,17.004921399988234,11.408759500074666,13.168238000143901
C8_anchored_s45,C8,anchored,45,s_vector_pct,5.0,True,2000,2000,max_iter,0.7861893999689622,400,14.461109099996975,16.64751840000099,17.004921399988234,11.408759500074666,13.168238000143901
C8_anchored_s45,C8,anchored,45,s_vector_pct,2.0,True,2000,2000,max_iter,0.7861893999689622,800,31.813519099989207,34.097222299998975,34.43519829999423,25.616267300225445,27.511185300187208
C8_anchored_s45,C8,anchored,45,s_vector_pct,1.0,True,2000,2000,max_iter,0.7861893999689622,1500,60.55241129999922,62.76634899999772,63.15880159998778,49.38961180023034,51.20134590019006
C6_dem_s43,C6,dem,43,u_vector_pct,5.0,True,1000,1000,max_iter,5286.870931191473,300,11.920910500004538,14.147322300006635,14.918843899999047,7.458935399947222,8.975653899993631
C6_dem_s43,C6,dem,43,u_vector_pct,2.0,True,1000,1000,max_iter,5286.870931191473,650,28.27402090000396,30.669425700005377,31.429286700004013,18.647529800160555,20.3069289001578
C6_dem_s43,C6,dem,43,u_vector_pct,1.0,False,1000,1000,max_iter,5286.870931191473,,,,,,
C6_dem_s43,C6,dem,43,s_vector_pct,5.0,False,1000,1000,max_iter,51986.63649773587,,,,,,
C6_dem_s43,C6,dem,43,s_vector_pct,2.0,False,1000,1000,max_iter,51986.63649773587,,,,,,
C6_dem_s43,C6,dem,43,s_vector_pct,1.0,False,1000,1000,max_iter,51986.63649773587,,,,,,
C6_fourier_s45,C6,fourier,45,u_vector_pct,5.0,True,2000,2000,max_iter,0.38246459789017145,100,2.3762598000030266,4.731239800006733,5.118314200008172,1.600724599964451,3.5552900999900885
C6_fourier_s45,C6,fourier,45,u_vector_pct,2.0,True,2000,2000,max_iter,0.38246459789017145,250,9.295967000012752,11.539086400007363,11.919239000009838,7.292094499905943,9.184169699903578
C6_fourier_s45,C6,fourier,45,u_vector_pct,1.0,True,2000,2000,max_iter,0.38246459789017145,450,18.069480200007092,20.32062670000596,20.684654700002284,14.599637199789868,16.445783799834317
C6_fourier_s45,C6,fourier,45,s_vector_pct,5.0,True,2000,2000,max_iter,1.6724279932406214,400,15.960968200000934,18.069480200007092,18.47281490000023,12.828092899842886,14.599637199789868
C6_fourier_s45,C6,fourier,45,s_vector_pct,2.0,True,2000,2000,max_iter,1.6724279932406214,1500,63.62779810000211,65.68453579999914,66.047221300003,52.10711419984,53.782369499851484
C6_fourier_s45,C6,fourier,45,s_vector_pct,1.0,False,2000,2000,max_iter,1.6724279932406214,,,,,,
C4_anchored_s43,C4,anchored,43,u_vector_pct,5.0,True,2000,2000,max_iter,0.13720711732312138,150,4.293409899997641,6.355285899990122,6.7421572000021115,3.1412105000054,4.806321500000195
C4_anchored_s43,C4,anchored,43,u_vector_pct,2.0,True,2000,2000,max_iter,0.13720711732312138,300,10.30909039999824,12.248740800001542,12.554704199996195,7.998471300001256,9.612037499959115
C4_anchored_s43,C4,anchored,43,u_vector_pct,1.0,True,2000,2000,max_iter,0.13720711732312138,350,12.248740800001542,14.159729099992546,14.502430099993944,9.612037499959115,11.21506309992401
C4_anchored_s43,C4,anchored,43,s_vector_pct,5.0,True,2000,2000,max_iter,0.7114969863296425,450,16.073209499998484,18.08524369999941,18.412833199996385,12.785377599968342,14.401734099985333
C4_anchored_s43,C4,anchored,43,s_vector_pct,2.0,True,2000,2000,max_iter,0.7114969863296425,850,32.18034449999686,34.35360970000329,34.722226700003375,26.021527200064156,27.790128200067556
C4_anchored_s43,C4,anchored,43,s_vector_pct,1.0,True,2000,2000,max_iter,0.7114969863296425,1500,58.45460669999011,60.4004883000016,60.738132700003916,47.59279320013593,49.178778500150656
C4_xpinn_s42,C4,xpinn,42,u_vector_pct,5.0,False,2000,2000,max_iter,5.208489240084555,,,,,,
C4_xpinn_s42,C4,xpinn,42,u_vector_pct,2.0,False,2000,2000,max_iter,5.208489240084555,,,,,,
C4_xpinn_s42,C4,xpinn,42,u_vector_pct,1.0,False,2000,2000,max_iter,5.208489240084555,,,,,,
C4_xpinn_s42,C4,xpinn,42,s_vector_pct,5.0,False,2000,2000,max_iter,21.391161719288284,,,,,,
C4_xpinn_s42,C4,xpinn,42,s_vector_pct,2.0,False,2000,2000,max_iter,21.391161719288284,,,,,,
C4_xpinn_s42,C4,xpinn,42,s_vector_pct,1.0,False,2000,2000,max_iter,21.391161719288284,,,,,,
C1_fourier_s46,C1,fourier,46,u_vector_pct,5.0,True,2000,2000,max_iter,0.4310400919226294,150,3.8381864999973914,5.636706400007824,5.979185500007588,2.7521123999904376,4.194008000034955
C1_fourier_s46,C1,fourier,46,u_vector_pct,2.0,True,2000,2000,max_iter,0.4310400919226294,200,5.636706400007824,7.433814000003622,7.788600800005952,4.194008000034955,5.648156800030847
C1_fourier_s46,C1,fourier,46,u_vector_pct,1.0,True,2000,2000,max_iter,0.4310400919226294,300,9.218476399997598,10.97035329999926,11.318801600005827,7.076733300025808,8.471395200031111
C1_fourier_s46,C1,fourier,46,s_vector_pct,5.0,True,2000,2000,max_iter,3.1577839924324405,950,32.38931919999595,34.20705620000081,34.55514189999667,25.653603200102225,27.120159500133013
C1_fourier_s46,C1,fourier,46,s_vector_pct,2.0,False,2000,2000,max_iter,3.1577839924324405,,,,,,
C1_fourier_s46,C1,fourier,46,s_vector_pct,1.0,False,2000,2000,max_iter,3.1577839924324405,,,,,,
C3_dem_s43,C3,dem,43,u_vector_pct,5.0,True,1000,1000,max_iter,0.7373509160216899,200,5.661162200005492,7.442803200014168,8.07750230000238,3.2190183999337023,4.391253800000413
C3_dem_s43,C3,dem,43,u_vector_pct,2.0,True,1000,1000,max_iter,0.7373509160216899,300,9.216962400008924,11.169800800009398,11.838382400004775,5.529257500034873,6.8171036999701755
C3_dem_s43,C3,dem,43,u_vector_pct,1.0,True,1000,1000,max_iter,0.7373509160216899,550,19.0189922000136,20.986169900003006,21.662930400008918,11.901789500014274,13.205772400004207
C3_dem_s43,C3,dem,43,s_vector_pct,5.0,False,1000,1000,max_iter,6.312108726592529,,,,,,
C3_dem_s43,C3,dem,43,s_vector_pct,2.0,False,1000,1000,max_iter,6.312108726592529,,,,,,
C3_dem_s43,C3,dem,43,s_vector_pct,1.0,False,1000,1000,max_iter,6.312108726592529,,,,,,
C1_independent_marginal_s41,C1,independent_marginal,41,u_vector_pct,5.0,True,2000,2000,max_iter,0.313519364285106,150,4.269207199999073,6.306764100001601,6.628203000000212,3.1857004000266897,4.866867300050217
C1_independent_marginal_s41,C1,independent_marginal,41,u_vector_pct,2.0,True,2000,2000,max_iter,0.313519364285106,350,12.337495599997055,14.3994692999986,14.729656600000453,9.91268190000119,11.646515399981581
C1_independent_marginal_s41,C1,independent_marginal,41,u_vector_pct,1.0,True,2000,2000,max_iter,0.313519364285106,450,16.44196109999757,18.376999200001592,18.701655899996695,13.358272199999192,14.981275500002084
C1_independent_marginal_s41,C1,independent_marginal,41,s_vector_pct,5.0,True,2000,2000,max_iter,3.1688163030903054,1150,44.63137039999856,46.66571860000113,47.004131900001084,36.95688960006373,38.67403020004713
C1_independent_marginal_s41,C1,independent_marginal,41,s_vector_pct,2.0,False,2000,2000,max_iter,3.1688163030903054,,,,,,
C1_independent_marginal_s41,C1,independent_marginal,41,s_vector_pct,1.0,False,2000,2000,max_iter,3.1688163030903054,,,,,,
C3_xpinn_s45,C3,xpinn,45,u_vector_pct,5.0,True,2000,2000,max_iter,4.546170291367362,1650,91.74734580000222,94.85433240000566,95.34333350000088,76.62593019983615,79.25906009983737
C3_xpinn_s45,C3,xpinn,45,u_vector_pct,2.0,False,2000,2000,max_iter,4.546170291367362,,,,,,
C3_xpinn_s45,C3,xpinn,45,u_vector_pct,1.0,False,2000,2000,max_iter,4.546170291367362,,,,,,
C3_xpinn_s45,C3,xpinn,45,s_vector_pct,5.0,False,2000,2000,max_iter,21.39899742805226,,,,,,
C3_xpinn_s45,C3,xpinn,45,s_vector_pct,2.0,False,2000,2000,max_iter,21.39899742805226,,,,,,
C3_xpinn_s45,C3,xpinn,45,s_vector_pct,1.0,False,2000,2000,max_iter,21.39899742805226,,,,,,
C8_xpinn_s42,C8,xpinn,42,u_vector_pct,5.0,True,2000,2000,max_iter,4.2326411568866185,1650,97.19666990000405,100.34196720000182,100.83050379999622,81.51866179975332,84.18678139979602
C8_xpinn_s42,C8,xpinn,42,u_vector_pct,2.0,False,2000,2000,max_iter,4.2326411568866185,,,,,,
C8_xpinn_s42,C8,xpinn,42,u_vector_pct,1.0,False,2000,2000,max_iter,4.2326411568866185,,,,,,
C8_xpinn_s42,C8,xpinn,42,s_vector_pct,5.0,False,2000,2000,max_iter,19.170840687440496,,,,,,
C8_xpinn_s42,C8,xpinn,42,s_vector_pct,2.0,False,2000,2000,max_iter,19.170840687440496,,,,,,
C8_xpinn_s42,C8,xpinn,42,s_vector_pct,1.0,False,2000,2000,max_iter,19.170840687440496,,,,,,
C1_fourier_half_s43,C1,fourier_half,43,u_vector_pct,5.0,True,2000,2000,max_iter,0.1233560879321434,100,2.0515810999932,3.875863900000695,4.2402167999971425,1.2921719000296434,2.747369399992749
C1_fourier_half_s43,C1,fourier_half,43,u_vector_pct,2.0,True,2000,2000,max_iter,0.1233560879321434,250,7.576415899995482,9.432690799992997,9.797094599998672,5.700264099970809,7.1894264000002295
C1_fourier_half_s43,C1,fourier_half,43,u_vector_pct,1.0,True,2000,2000,max_iter,0.1233560879321434,300,9.432690799992997,11.24557790000108,11.605310700004338,7.1894264000002295,8.637435399999958
C1_fourier_half_s43,C1,fourier_half,43,s_vector_pct,5.0,True,2000,2000,max_iter,1.7449445987142822,650,22.951723199992557,25.034670399996685,25.42011679999996,18.104824299996835,19.794098500016844
C1_fourier_half_s43,C1,fourier_half,43,s_vector_pct,2.0,True,2000,2000,max_iter,1.7449445987142822,1700,65.72456289999536,67.72098260000348,68.10761710000224,52.74560570019821,54.347091100222315
C1_fourier_half_s43,C1,fourier_half,43,s_vector_pct,1.0,False,2000,2000,max_iter,1.7449445987142822,,,,,,
C1_xpinn_s44,C1,xpinn,44,u_vector_pct,5.0,True,2000,2000,max_iter,3.598757690347801,1250,79.82300799999211,83.30839859999833,83.82987409998896,66.7631595996645,69.73903539968887
C1_xpinn_s44,C1,xpinn,44,u_vector_pct,2.0,False,2000,2000,max_iter,3.598757690347801,,,,,,
C1_xpinn_s44,C1,xpinn,44,u_vector_pct,1.0,False,2000,2000,max_iter,3.598757690347801,,,,,,
C1_xpinn_s44,C1,xpinn,44,s_vector_pct,5.0,False,2000,2000,max_iter,26.019486525561916,,,,,,
C1_xpinn_s44,C1,xpinn,44,s_vector_pct,2.0,False,2000,2000,max_iter,26.019486525561916,,,,,,
C1_xpinn_s44,C1,xpinn,44,s_vector_pct,1.0,False,2000,2000,max_iter,26.019486525561916,,,,,,
C8_dem_s48,C8,dem,48,u_vector_pct,5.0,True,1000,1000,max_iter,0.6789694062749179,200,7.010909500007983,9.143338800000492,9.880745400005253,4.02063319995068,5.454714799896465
C8_dem_s48,C8,dem,48,u_vector_pct,2.0,True,1000,1000,max_iter,0.6789694062749179,300,11.210495200008154,13.21616460000223,13.926733300002525,6.783073199883802,8.060462899898994
C8_dem_s48,C8,dem,48,u_vector_pct,1.0,True,1000,1000,max_iter,0.6789694062749179,450,17.31569990000571,19.500118100011605,20.254421600009664,10.703121399928932,12.14177859989286
C8_dem_s48,C8,dem,48,s_vector_pct,5.0,True,1000,1000,max_iter,5.539108228248924,600,24.057403200000408,26.253976900014095,27.01022420001391,15.175285299890675,16.59428949993162
C8_dem_s48,C8,dem,48,s_vector_pct,2.0,False,1000,1000,max_iter,5.539108228248924,,,,,,
C8_dem_s48,C8,dem,48,s_vector_pct,1.0,False,1000,1000,max_iter,5.539108228248924,,,,,,
C2_anchored_s42,C2,anchored,42,u_vector_pct,5.0,True,2000,2000,max_iter,0.24790961322674487,150,3.8528625999897486,5.7247486999985995,6.1003163999994285,2.7226744000654435,4.220700700068846
C2_anchored_s42,C2,anchored,42,u_vector_pct,2.0,True,2000,2000,max_iter,0.24790961322674487,250,7.657628399989335,9.589700500000617,9.960849600000074,5.777576500055147,7.321987300078035
C2_anchored_s42,C2,anchored,42,u_vector_pct,1.0,True,2000,2000,max_iter,0.24790961322674487,300,9.589700500000617,11.496261499996763,11.865020700002788,7.321987300078035,8.856948200147599
C2_anchored_s42,C2,anchored,42,s_vector_pct,5.0,True,2000,2000,max_iter,2.384693826312948,700,24.88607100000081,26.926119499999913,27.299116299996967,19.617398400092497,21.285464600019623
C2_anchored_s42,C2,anchored,42,s_vector_pct,2.0,False,2000,2000,max_iter,2.384693826312948,,,,,,
C2_anchored_s42,C2,anchored,42,s_vector_pct,1.0,False,2000,2000,max_iter,2.384693826312948,,,,,,
C1_xpinn_s43,C1,xpinn,43,u_vector_pct,5.0,True,2000,2000,max_iter,3.8847480473147296,1400,92.50814560000435,96.04064380000636,96.53923070000019,78.22590599994874,81.23349569999846
C1_xpinn_s43,C1,xpinn,43,u_vector_pct,2.0,False,2000,2000,max_iter,3.8847480473147296,,,,,,
C1_xpinn_s43,C1,xpinn,43,u_vector_pct,1.0,False,2000,2000,max_iter,3.8847480473147296,,,,,,
C1_xpinn_s43,C1,xpinn,43,s_vector_pct,5.0,False,2000,2000,max_iter,26.475119603257944,,,,,,
C1_xpinn_s43,C1,xpinn,43,s_vector_pct,2.0,False,2000,2000,max_iter,26.475119603257944,,,,,,
C1_xpinn_s43,C1,xpinn,43,s_vector_pct,1.0,False,2000,2000,max_iter,26.475119603257944,,,,,,
C4_vanilla_s41,C4,vanilla,41,u_vector_pct,5.0,True,2000,2000,max_iter,1.1199026211177499,900,33.97675890001119,35.98149000000558,36.327138000007835,27.80815190024441,29.47499000026437
C4_vanilla_s41,C4,vanilla,41,u_vector_pct,2.0,True,2000,2000,max_iter,1.1199026211177499,1300,49.90098120000039,51.81233670000802,52.15183460000844,40.99701540001843,42.55878109992773
C4_vanilla_s41,C4,vanilla,41,u_vector_pct,1.0,False,2000,2000,max_iter,1.1199026211177499,,,,,,
C4_vanilla_s41,C4,vanilla,41,s_vector_pct,5.0,False,2000,2000,max_iter,6.285992678462914,,,,,,
C4_vanilla_s41,C4,vanilla,41,s_vector_pct,2.0,False,2000,2000,max_iter,6.285992678462914,,,,,,
C4_vanilla_s41,C4,vanilla,41,s_vector_pct,1.0,False,2000,2000,max_iter,6.285992678462914,,,,,,
C7_xpinn_s42,C7,xpinn,42,u_vector_pct,5.0,False,2000,2000,max_iter,7.924426641600605,,,,,,
C7_xpinn_s42,C7,xpinn,42,u_vector_pct,2.0,False,2000,2000,max_iter,7.924426641600605,,,,,,
C7_xpinn_s42,C7,xpinn,42,u_vector_pct,1.0,False,2000,2000,max_iter,7.924426641600605,,,,,,
C7_xpinn_s42,C7,xpinn,42,s_vector_pct,5.0,False,2000,2000,max_iter,27.369963103796344,,,,,,
C7_xpinn_s42,C7,xpinn,42,s_vector_pct,2.0,False,2000,2000,max_iter,27.369963103796344,,,,,,
C7_xpinn_s42,C7,xpinn,42,s_vector_pct,1.0,False,2000,2000,max_iter,27.369963103796344,,,,,,
C1_vanilla_matched_s46,C1,vanilla_matched,46,u_vector_pct,5.0,True,2000,2000,max_iter,1.218335200355088,950,36.47038499999326,38.43353120000393,38.754053299999214,30.009008000051836,31.653984800039325
C1_vanilla_matched_s46,C1,vanilla_matched,46,u_vector_pct,2.0,True,2000,2000,max_iter,1.218335200355088,1550,60.136407099998905,62.12001230000169,62.42384540000057,49.77981090021785,51.43724790021952
C1_vanilla_matched_s46,C1,vanilla_matched,46,u_vector_pct,1.0,False,2000,2000,max_iter,1.218335200355088,,,,,,
C1_vanilla_matched_s46,C1,vanilla_matched,46,s_vector_pct,5.0,False,2000,2000,max_iter,10.056905366947376,,,,,,
C1_vanilla_matched_s46,C1,vanilla_matched,46,s_vector_pct,2.0,False,2000,2000,max_iter,10.056905366947376,,,,,,
C1_vanilla_matched_s46,C1,vanilla_matched,46,s_vector_pct,1.0,False,2000,2000,max_iter,10.056905366947376,,,,,,
C1_vanilla_s44,C1,vanilla,44,u_vector_pct,5.0,True,2000,2000,max_iter,1.517974609149882,1100,40.701723699996364,42.814248800001224,43.15122459999111,33.670007199805696,35.42394769983366
C1_vanilla_s44,C1,vanilla,44,u_vector_pct,2.0,True,2000,2000,max_iter,1.517974609149882,1850,70.26606709999032,72.15359619999072,72.46941819999483,58.3344616999384,59.891293599954224
C1_vanilla_s44,C1,vanilla,44,u_vector_pct,1.0,False,2000,2000,max_iter,1.517974609149882,,,,,,
C1_vanilla_s44,C1,vanilla,44,s_vector_pct,5.0,False,2000,2000,max_iter,10.040892107475537,,,,,,
C1_vanilla_s44,C1,vanilla,44,s_vector_pct,2.0,False,2000,2000,max_iter,10.040892107475537,,,,,,
C1_vanilla_s44,C1,vanilla,44,s_vector_pct,1.0,False,2000,2000,max_iter,10.040892107475537,,,,,,
C3_vanilla_s45,C3,vanilla,45,u_vector_pct,5.0,True,2000,2000,max_iter,0.9710306404678093,800,29.651113100000657,31.54376489999413,31.8528973999928,24.35456730009173,25.91542740003206
C3_vanilla_s45,C3,vanilla,45,u_vector_pct,2.0,True,2000,2000,max_iter,0.9710306404678093,1450,55.386596099997405,57.34890909999376,57.68140210000274,45.8418859999947,47.497746399982134
C3_vanilla_s45,C3,vanilla,45,u_vector_pct,1.0,True,2000,2000,max_iter,0.9710306404678093,2000,77.33071159999236,79.32427719999396,79.63555310000083,64.10771410018788,65.78088050016959
C3_vanilla_s45,C3,vanilla,45,s_vector_pct,5.0,False,2000,2000,max_iter,5.722612094409937,,,,,,
C3_vanilla_s45,C3,vanilla,45,s_vector_pct,2.0,False,2000,2000,max_iter,5.722612094409937,,,,,,
C3_vanilla_s45,C3,vanilla,45,s_vector_pct,1.0,False,2000,2000,max_iter,5.722612094409937,,,,,,
C3_dem_s42,C3,dem,42,u_vector_pct,5.0,True,1000,1000,max_iter,0.7811008796424449,200,7.102629699991667,9.294572599988896,10.024185999995098,4.270243400009349,5.731978999974672
C3_dem_s42,C3,dem,42,u_vector_pct,2.0,True,1000,1000,max_iter,0.7811008796424449,300,11.49542009999277,13.710731299986946,14.461420299994643,7.201773599997978,8.708349000022281
C3_dem_s42,C3,dem,42,u_vector_pct,1.0,True,1000,1000,max_iter,0.7811008796424449,450,18.112318799991044,20.367475599996396,21.10672519999207,11.61776009996538,13.126070299986168
C3_dem_s42,C3,dem,42,s_vector_pct,5.0,False,1000,1000,max_iter,6.990038964057947,,,,,,
C3_dem_s42,C3,dem,42,s_vector_pct,2.0,False,1000,1000,max_iter,6.990038964057947,,,,,,
C3_dem_s42,C3,dem,42,s_vector_pct,1.0,False,1000,1000,max_iter,6.990038964057947,,,,,,
C8_dem_s42,C8,dem,42,u_vector_pct,5.0,True,1000,1000,max_iter,0.9063497858668502,150,5.0209563999960665,7.224596400003065,7.967366299999412,2.772821999969892,4.191972499960684
C8_dem_s42,C8,dem,42,u_vector_pct,2.0,True,1000,1000,max_iter,0.9063497858668502,300,11.615305400002399,13.859398699991289,14.584435900003882,7.100969300037832,8.630794600001536
C8_dem_s42,C8,dem,42,u_vector_pct,1.0,True,1000,1000,max_iter,0.9063497858668502,550,22.757644500001334,24.951390100002754,25.700757999991765,14.580812500047614,15.998236900035408
C8_dem_s42,C8,dem,42,s_vector_pct,5.0,True,1000,1000,max_iter,7.253752426260949,400,16.034900300001027,18.25716900000407,18.986190600000555,10.079018700038432,11.564879200028372
C8_dem_s42,C8,dem,42,s_vector_pct,2.0,False,1000,1000,max_iter,7.253752426260949,,,,,,
C8_dem_s42,C8,dem,42,s_vector_pct,1.0,False,1000,1000,max_iter,7.253752426260949,,,,,,
C7_vanilla_s45,C7,vanilla,45,u_vector_pct,5.0,False,2000,2000,max_iter,7.205871330092621,,,,,,
C7_vanilla_s45,C7,vanilla,45,u_vector_pct,2.0,False,2000,2000,max_iter,7.205871330092621,,,,,,
C7_vanilla_s45,C7,vanilla,45,u_vector_pct,1.0,False,2000,2000,max_iter,7.205871330092621,,,,,,
C7_vanilla_s45,C7,vanilla,45,s_vector_pct,5.0,False,2000,2000,max_iter,21.685131990482187,,,,,,
C7_vanilla_s45,C7,vanilla,45,s_vector_pct,2.0,False,2000,2000,max_iter,21.685131990482187,,,,,,
C7_vanilla_s45,C7,vanilla,45,s_vector_pct,1.0,False,2000,2000,max_iter,21.685131990482187,,,,,,
C3_vanilla_s42,C3,vanilla,42,u_vector_pct,5.0,True,2000,2000,max_iter,1.093721808334913,850,31.063302699985798,33.005235699994955,33.33248800000001,25.526898600102868,27.149707800112083
C3_vanilla_s42,C3,vanilla,42,u_vector_pct,2.0,True,2000,2000,max_iter,1.093721808334913,1400,52.482569799991325,54.56264739998733,54.88719159999164,43.44611729991448,45.19072409988439
C3_vanilla_s42,C3,vanilla,42,u_vector_pct,1.0,True,2000,2000,max_iter,1.093721808334913,1750,66.20882289999281,68.15293769999698,68.46353129998897,54.90907379970304,56.55493999973987
C3_vanilla_s42,C3,vanilla,42,s_vector_pct,5.0,False,2000,2000,max_iter,7.543335557798267,,,,,,
C3_vanilla_s42,C3,vanilla,42,s_vector_pct,2.0,False,2000,2000,max_iter,7.543335557798267,,,,,,
C3_vanilla_s42,C3,vanilla,42,s_vector_pct,1.0,False,2000,2000,max_iter,7.543335557798267,,,,,,
C8_fourier_s41,C8,fourier,41,u_vector_pct,5.0,True,2000,2000,max_iter,0.0608391585036332,100,2.1297128000005614,4.155539700004738,4.4800213999988046,1.4432983000733657,3.131085300061386
C8_fourier_s41,C8,fourier,41,u_vector_pct,2.0,True,2000,2000,max_iter,0.0608391585036332,200,6.214208000004874,8.214180100010708,8.561355400001048,4.857248500076821,6.539314500056207
C8_fourier_s41,C8,fourier,41,u_vector_pct,1.0,True,2000,2000,max_iter,0.0608391585036332,200,6.214208000004874,8.214180100010708,8.561355400001048,4.857248500076821,6.539314500056207
C8_fourier_s41,C8,fourier,41,s_vector_pct,5.0,True,2000,2000,max_iter,0.37592091875353995,250,8.214180100010708,10.272469700008514,10.623079700002563,6.539314500056207,8.248540400105412
C8_fourier_s41,C8,fourier,41,s_vector_pct,2.0,True,2000,2000,max_iter,0.37592091875353995,400,14.263211400000728,16.25063300000329,16.552242600009777,11.56728860012663,13.24436170012632
C8_fourier_s41,C8,fourier,41,s_vector_pct,1.0,True,2000,2000,max_iter,0.37592091875353995,700,26.4498894999997,28.46935790000134,28.777781400000094,21.77524360010284,23.467567500119912
C1_independent_marginal_s46,C1,independent_marginal,46,u_vector_pct,5.0,True,2000,2000,max_iter,0.2529174200449558,200,5.745227000006707,7.689296900003683,8.040400300000329,4.392038800084265,6.023133200054872
C1_independent_marginal_s46,C1,independent_marginal,46,u_vector_pct,2.0,True,2000,2000,max_iter,0.2529174200449558,450,15.460274199998821,17.476884400006384,17.801091600005748,12.501793600080418,14.197202500072308
C1_independent_marginal_s46,C1,independent_marginal,46,u_vector_pct,1.0,True,2000,2000,max_iter,0.2529174200449558,700,25.36557619999803,27.248824900001637,27.57340999999724,20.79180950000591,22.35561499997857
C1_independent_marginal_s46,C1,independent_marginal,46,s_vector_pct,5.0,True,2000,2000,max_iter,3.6506336637598764,1350,50.45342429999437,52.391025599994464,52.7136038000026,41.65178330002527,43.25733010003751
C1_independent_marginal_s46,C1,independent_marginal,46,s_vector_pct,2.0,False,2000,2000,max_iter,3.6506336637598764,,,,,,
C1_independent_marginal_s46,C1,independent_marginal,46,s_vector_pct,1.0,False,2000,2000,max_iter,3.6506336637598764,,,,,,
C1_anchored_s42,C1,anchored,42,u_vector_pct,5.0,True,2000,2000,max_iter,0.3816225192495057,150,3.782821700006025,5.632159000000684,5.973179600012372,2.7822505000513047,4.294935700032511
C1_anchored_s42,C1,anchored,42,u_vector_pct,2.0,True,2000,2000,max_iter,0.3816225192495057,250,7.54292570000689,9.467513300012797,9.78952570000547,5.8640852000244195,7.4455571000726195
C1_anchored_s42,C1,anchored,42,u_vector_pct,1.0,True,2000,2000,max_iter,0.3816225192495057,500,17.10506840000744,18.964541400011512,19.26857640000526,13.831321100064088,15.365119900074205
C1_anchored_s42,C1,anchored,42,s_vector_pct,5.0,True,2000,2000,max_iter,4.123032019740755,1500,57.500824600007036,59.637454200012144,60.006936000005226,47.32242550000956,49.12883920004242
C1_anchored_s42,C1,anchored,42,s_vector_pct,2.0,False,2000,2000,max_iter,4.123032019740755,,,,,,
C1_anchored_s42,C1,anchored,42,s_vector_pct,1.0,False,2000,2000,max_iter,4.123032019740755,,,,,,
C1_fourier_s43,C1,fourier,43,u_vector_pct,5.0,True,2000,2000,max_iter,0.3166174978002037,200,6.718426299994462,8.851060400003917,9.20109770000272,5.115811200026656,6.867811300049652
C1_fourier_s43,C1,fourier,43,u_vector_pct,2.0,True,2000,2000,max_iter,0.3166174978002037,300,10.927190000002156,13.032841599997482,13.415992900001584,8.592117500040331,10.370429700036766
C1_fourier_s43,C1,fourier,43,u_vector_pct,1.0,True,2000,2000,max_iter,0.3166174978002037,450,17.674859499995364,19.98308819999511,20.388171200000215,14.2279969000665,16.128836500050966
C1_fourier_s43,C1,fourier,43,s_vector_pct,5.0,True,2000,2000,max_iter,3.162755364293329,1000,41.11026099999435,43.19266729999799,43.5148632999917,33.752176699985284,35.50515249998716
C1_fourier_s43,C1,fourier,43,s_vector_pct,2.0,False,2000,2000,max_iter,3.162755364293329,,,,,,
C1_fourier_s43,C1,fourier,43,s_vector_pct,1.0,False,2000,2000,max_iter,3.162755364293329,,,,,,
C8_fourier_half_s41,C8,fourier_half,41,u_vector_pct,5.0,True,2000,2000,max_iter,0.04625065101329758,100,2.210104900004808,4.390129000006709,4.762259600000107,1.5020228000357747,3.3021806001052028
C8_fourier_half_s41,C8,fourier_half,41,u_vector_pct,2.0,True,2000,2000,max_iter,0.04625065101329758,200,6.499868800005061,8.733750500003225,9.096074300003238,5.031104800058529,6.886652500048513
C8_fourier_half_s41,C8,fourier_half,41,u_vector_pct,1.0,True,2000,2000,max_iter,0.04625065101329758,250,8.733750500003225,10.951576399995247,11.308162500004983,6.886652500048513,8.740531200004625
C8_fourier_half_s41,C8,fourier_half,41,s_vector_pct,5.0,True,2000,2000,max_iter,0.3045891822348876,200,6.499868800005061,8.733750500003225,9.096074300003238,5.031104800058529,6.886652500048513
C8_fourier_half_s41,C8,fourier_half,41,s_vector_pct,2.0,True,2000,2000,max_iter,0.3045891822348876,350,13.138061999998172,15.366684000007808,15.720564899995225,10.569756400058395,12.41350450005848
C8_fourier_half_s41,C8,fourier_half,41,s_vector_pct,1.0,True,2000,2000,max_iter,0.3045891822348876,600,23.470083699998213,25.4437595000054,25.808959300004062,19.091426100130775,20.706420200120192
C1_fourier_double_s46,C1,fourier_double,46,u_vector_pct,5.0,False,2000,2000,max_iter,47.51220314776127,,,,,,
C1_fourier_double_s46,C1,fourier_double,46,u_vector_pct,2.0,False,2000,2000,max_iter,47.51220314776127,,,,,,
C1_fourier_double_s46,C1,fourier_double,46,u_vector_pct,1.0,False,2000,2000,max_iter,47.51220314776127,,,,,,
C1_fourier_double_s46,C1,fourier_double,46,s_vector_pct,5.0,False,2000,2000,max_iter,38.499291097812836,,,,,,
C1_fourier_double_s46,C1,fourier_double,46,s_vector_pct,2.0,False,2000,2000,max_iter,38.499291097812836,,,,,,
C1_fourier_double_s46,C1,fourier_double,46,s_vector_pct,1.0,False,2000,2000,max_iter,38.499291097812836,,,,,,
C8_dem_s46,C8,dem,46,u_vector_pct,5.0,True,1000,1000,max_iter,0.78695161112739,250,9.850279999998747,12.241214499998023,13.033193899987964,6.036678400007077,7.651276700024027
C8_dem_s46,C8,dem,46,u_vector_pct,2.0,True,1000,1000,max_iter,0.78695161112739,350,14.511161499991431,16.799933099988266,17.55813569999009,9.128555200004485,10.68674299994018
C8_dem_s46,C8,dem,46,u_vector_pct,1.0,True,1000,1000,max_iter,0.78695161112739,500,21.34094169999298,23.727978399998392,24.455398099991726,13.737081600076635,15.327021600096487
C8_dem_s46,C8,dem,46,s_vector_pct,5.0,True,1000,1000,max_iter,5.65609141770277,600,26.138458100002026,28.475186299998313,29.275825899996562,16.97455330003868,18.584736800010432
C8_dem_s46,C8,dem,46,s_vector_pct,2.0,False,1000,1000,max_iter,5.65609141770277,,,,,,
C8_dem_s46,C8,dem,46,s_vector_pct,1.0,False,1000,1000,max_iter,5.65609141770277,,,,,,
C7_xpinn_s41,C7,xpinn,41,u_vector_pct,5.0,False,2000,2000,max_iter,5.42871364540917,,,,,,
C7_xpinn_s41,C7,xpinn,41,u_vector_pct,2.0,False,2000,2000,max_iter,5.42871364540917,,,,,,
C7_xpinn_s41,C7,xpinn,41,u_vector_pct,1.0,False,2000,2000,max_iter,5.42871364540917,,,,,,
C7_xpinn_s41,C7,xpinn,41,s_vector_pct,5.0,False,2000,2000,max_iter,27.4820649260974,,,,,,
C7_xpinn_s41,C7,xpinn,41,s_vector_pct,2.0,False,2000,2000,max_iter,27.4820649260974,,,,,,
C7_xpinn_s41,C7,xpinn,41,s_vector_pct,1.0,False,2000,2000,max_iter,27.4820649260974,,,,,,
T1_vanilla_matched_s48,T1,vanilla_matched,48,u_vector_pct,5.0,True,10000,10000,max_iter,1.7346250519464879,3150,136.412488499991,138.5684554000036,139.3303298999963,88.50236909967498,89.8996749996586
T1_vanilla_matched_s48,T1,vanilla_matched,48,u_vector_pct,2.0,True,10000,10000,max_iter,1.7346250519464879,5550,241.90482579999662,244.15924789999553,244.90783670000383,157.34921369994117,158.82799099989643
T1_vanilla_matched_s48,T1,vanilla_matched,48,u_vector_pct,1.0,False,10000,10000,max_iter,1.7346250519464879,,,,,,
T1_vanilla_matched_s48,T1,vanilla_matched,48,s_vector_pct,5.0,True,10000,10000,max_iter,3.2773194126478877,6000,262.144340800005,264.34050130000105,265.10777410000446,170.72783439986233,172.1814335999079
T1_vanilla_matched_s48,T1,vanilla_matched,48,s_vector_pct,2.0,False,10000,10000,max_iter,3.2773194126478877,,,,,,
T1_vanilla_matched_s48,T1,vanilla_matched,48,s_vector_pct,1.0,False,10000,10000,max_iter,3.2773194126478877,,,,,,
C5_vanilla_s41,C5,vanilla,41,u_vector_pct,5.0,True,2000,2000,max_iter,2.0667709121190643,900,37.33294380000734,39.607540199998766,39.936496000009356,30.70273020020977,32.611484800232574
C5_vanilla_s41,C5,vanilla,41,u_vector_pct,2.0,False,2000,2000,max_iter,2.0667709121190643,,,,,,
C5_vanilla_s41,C5,vanilla,41,u_vector_pct,1.0,False,2000,2000,max_iter,2.0667709121190643,,,,,,
C5_vanilla_s41,C5,vanilla,41,s_vector_pct,5.0,False,2000,2000,max_iter,7.028531838341994,,,,,,
C5_vanilla_s41,C5,vanilla,41,s_vector_pct,2.0,False,2000,2000,max_iter,7.028531838341994,,,,,,
C5_vanilla_s41,C5,vanilla,41,s_vector_pct,1.0,False,2000,2000,max_iter,7.028531838341994,,,,,,
C7_fourier_s42,C7,fourier,42,u_vector_pct,5.0,True,2000,2000,max_iter,1.234449565003119,200,7.311651199997868,9.75234150000324,10.144463399992674,5.8010103000560775,7.865867300075479
C7_fourier_s42,C7,fourier,42,u_vector_pct,2.0,True,2000,2000,max_iter,1.234449565003119,300,12.209529799991287,14.375141900003655,14.725613200003863,9.927857200003928,11.690837800037116
C7_fourier_s42,C7,fourier,42,u_vector_pct,1.0,False,2000,2000,max_iter,1.234449565003119,,,,,,
C7_fourier_s42,C7,fourier,42,s_vector_pct,5.0,True,2000,2000,max_iter,4.325572323961794,1500,66.2599099999934,68.43816140000126,68.81472389999544,54.97895000009157,56.77867920015706
C7_fourier_s42,C7,fourier,42,s_vector_pct,2.0,False,2000,2000,max_iter,4.325572323961794,,,,,,
C7_fourier_s42,C7,fourier,42,s_vector_pct,1.0,False,2000,2000,max_iter,4.325572323961794,,,,,,
C8_vanilla_matched_s44,C8,vanilla_matched,44,u_vector_pct,5.0,True,2000,2000,max_iter,1.8941506866111315,900,35.283147199996165,37.384011599991936,37.70831439999165,29.160905299999285,30.962630299967714
C8_vanilla_matched_s44,C8,vanilla_matched,44,u_vector_pct,2.0,True,2000,2000,max_iter,1.8941506866111315,1700,69.94788510000217,72.10951979999663,72.425774000003,58.44468950010196,60.284864500092226
C8_vanilla_matched_s44,C8,vanilla_matched,44,u_vector_pct,1.0,False,2000,2000,max_iter,1.8941506866111315,,,,,,
C8_vanilla_matched_s44,C8,vanilla_matched,44,s_vector_pct,5.0,False,2000,2000,max_iter,5.59226799800379,,,,,,
C8_vanilla_matched_s44,C8,vanilla_matched,44,s_vector_pct,2.0,False,2000,2000,max_iter,5.59226799800379,,,,,,
C8_vanilla_matched_s44,C8,vanilla_matched,44,s_vector_pct,1.0,False,2000,2000,max_iter,5.59226799800379,,,,,,
C8_independent_marginal_s42,C8,independent_marginal,42,u_vector_pct,5.0,True,2000,2000,max_iter,0.10486160031580481,150,3.595376999990549,5.414467899987358,5.744808899995405,2.5312215999147156,4.008020799898077
C8_independent_marginal_s42,C8,independent_marginal,42,u_vector_pct,2.0,True,2000,2000,max_iter,0.10486160031580481,250,7.24342469999101,9.125040200000512,9.447599699997227,5.506084199980251,7.015279400075087
C8_independent_marginal_s42,C8,independent_marginal,42,u_vector_pct,1.0,True,2000,2000,max_iter,0.10486160031580481,450,14.363556899988907,16.6238139999914,16.9126874999929,11.249046900164103,13.14800280010968
C8_independent_marginal_s42,C8,independent_marginal,42,s_vector_pct,5.0,True,2000,2000,max_iter,0.7456015989084085,400,12.591292699988117,14.363556899988907,14.72267559998727,9.82252870015509,11.249046900164103
C8_independent_marginal_s42,C8,independent_marginal,42,s_vector_pct,2.0,True,2000,2000,max_iter,0.7456015989084085,750,27.434884499991313,29.641457899997476,30.015788299991982,22.26099620014429,24.10146550013451
C8_independent_marginal_s42,C8,independent_marginal,42,s_vector_pct,1.0,True,2000,2000,max_iter,0.7456015989084085,1450,57.61715710000135,59.7863481999957,60.12509849999333,47.52932940037863,49.358263800342684
C6_fourier_s44,C6,fourier,44,u_vector_pct,5.0,True,2000,2000,max_iter,0.6466279182698451,200,5.333216900005937,7.128404000002774,7.467079500012915,3.9497766000713455,5.392308300040895
C6_fourier_s44,C6,fourier,44,u_vector_pct,2.0,True,2000,2000,max_iter,0.6466279182698451,250,7.128404000002774,8.837091900000814,9.175968200011994,5.392308300040895,6.761123600052088
C6_fourier_s44,C6,fourier,44,u_vector_pct,1.0,True,2000,2000,max_iter,0.6466279182698451,800,26.31390740000643,28.09289379999973,28.42943840000953,20.78793269995367,22.221229899907485
C6_fourier_s44,C6,fourier,44,s_vector_pct,5.0,True,2000,2000,max_iter,1.436123424232083,450,13.985712599998806,15.78133820000221,16.166121300004306,10.895308200124418,12.343748500119545
C6_fourier_s44,C6,fourier,44,s_vector_pct,2.0,True,2000,2000,max_iter,1.436123424232083,1200,40.390313100011554,42.17200610000873,42.510718300007284,32.13465669986908,33.58163749988307
C6_fourier_s44,C6,fourier,44,s_vector_pct,1.0,False,2000,2000,max_iter,1.436123424232083,,,,,,
C8_fourier_double_s42,C8,fourier_double,42,u_vector_pct,5.0,False,2000,2000,max_iter,9.92789388928521,,,,,,
C8_fourier_double_s42,C8,fourier_double,42,u_vector_pct,2.0,False,2000,2000,max_iter,9.92789388928521,,,,,,
C8_fourier_double_s42,C8,fourier_double,42,u_vector_pct,1.0,False,2000,2000,max_iter,9.92789388928521,,,,,,
C8_fourier_double_s42,C8,fourier_double,42,s_vector_pct,5.0,False,2000,2000,max_iter,7.420064121600307,,,,,,
C8_fourier_double_s42,C8,fourier_double,42,s_vector_pct,2.0,False,2000,2000,max_iter,7.420064121600307,,,,,,
C8_fourier_double_s42,C8,fourier_double,42,s_vector_pct,1.0,False,2000,2000,max_iter,7.420064121600307,,,,,,
C7_dem_s43,C7,dem,43,u_vector_pct,5.0,True,1000,1000,max_iter,1.794540404043157,200,7.253903099990566,9.32475839999097,10.021924200002104,4.398742999983369,5.739987600012682
C7_dem_s43,C7,dem,43,u_vector_pct,2.0,True,1000,1000,max_iter,1.794540404043157,650,27.219100499991328,29.45035279999138,30.199530500001856,17.915936200210126,19.495518800089485
C7_dem_s43,C7,dem,43,u_vector_pct,1.0,False,1000,1000,max_iter,1.794540404043157,,,,,,
C7_dem_s43,C7,dem,43,s_vector_pct,5.0,False,1000,1000,max_iter,7.215629661150365,,,,,,
C7_dem_s43,C7,dem,43,s_vector_pct,2.0,False,1000,1000,max_iter,7.215629661150365,,,,,,
C7_dem_s43,C7,dem,43,s_vector_pct,1.0,False,1000,1000,max_iter,7.215629661150365,,,,,,
C5_xpinn_s42,C5,xpinn,42,u_vector_pct,5.0,False,2000,2000,max_iter,5.6299193837300905,,,,,,
C5_xpinn_s42,C5,xpinn,42,u_vector_pct,2.0,False,2000,2000,max_iter,5.6299193837300905,,,,,,
C5_xpinn_s42,C5,xpinn,42,u_vector_pct,1.0,False,2000,2000,max_iter,5.6299193837300905,,,,,,
C5_xpinn_s42,C5,xpinn,42,s_vector_pct,5.0,False,2000,2000,max_iter,20.636558708618438,,,,,,
C5_xpinn_s42,C5,xpinn,42,s_vector_pct,2.0,False,2000,2000,max_iter,20.636558708618438,,,,,,
C5_xpinn_s42,C5,xpinn,42,s_vector_pct,1.0,False,2000,2000,max_iter,20.636558708618438,,,,,,
C1_fourier_half_s47,C1,fourier_half,47,u_vector_pct,5.0,True,2000,2000,max_iter,0.12368150523259104,150,4.457318000000669,6.51285139999527,6.855232899994007,3.2886713000480086,4.996908300119685
C1_fourier_half_s47,C1,fourier_half,47,u_vector_pct,2.0,True,2000,2000,max_iter,0.12368150523259104,200,6.51285139999527,8.763768699995126,9.141236800001934,4.996908300119685,6.904759900076897
C1_fourier_half_s47,C1,fourier_half,47,u_vector_pct,1.0,True,2000,2000,max_iter,0.12368150523259104,400,15.65069899999071,17.870469399989815,18.22021600000153,12.657240800050204,14.53400690005219
C1_fourier_half_s47,C1,fourier_half,47,s_vector_pct,5.0,True,2000,2000,max_iter,1.7314923120569565,650,26.793522799998755,28.95299539998814,29.28682619999745,22.051340300007723,23.85674630003632
C1_fourier_half_s47,C1,fourier_half,47,s_vector_pct,2.0,True,2000,2000,max_iter,1.7314923120569565,1700,73.9005416,76.13990709999052,76.49353159999009,61.69055090029724,63.591134400325245
C1_fourier_half_s47,C1,fourier_half,47,s_vector_pct,1.0,False,2000,2000,max_iter,1.7314923120569565,,,,,,
C4_fourier_s45,C4,fourier,45,u_vector_pct,5.0,True,2000,2000,max_iter,0.08788801933611207,100,2.283101799999713,4.559385300002759,4.918835400007083,1.5441777999949409,3.4608158999908483
C4_fourier_s45,C4,fourier,45,u_vector_pct,2.0,True,2000,2000,max_iter,0.08788801933611207,200,6.781798700001673,8.984447700000601,9.354592100004083,5.317395600010059,7.169815500077675
C4_fourier_s45,C4,fourier,45,u_vector_pct,1.0,True,2000,2000,max_iter,0.08788801933611207,250,8.984447700000601,11.276432600003318,11.63893270000699,7.169815500077675,9.089958000025945
C4_fourier_s45,C4,fourier,45,s_vector_pct,5.0,True,2000,2000,max_iter,0.4063784027146759,250,8.984447700000601,11.276432600003318,11.63893270000699,7.169815500077675,9.089958000025945
C4_fourier_s45,C4,fourier,45,s_vector_pct,2.0,True,2000,2000,max_iter,0.4063784027146759,400,15.826457000002847,18.079955200009863,18.43932640001003,12.914761399981217,14.81656700001622
C4_fourier_s45,C4,fourier,45,s_vector_pct,1.0,True,2000,2000,max_iter,0.4063784027146759,750,31.279898499997216,33.52185330000066,33.86682920000749,25.764071499870624,27.699098599827266
C1_independent_marginal_s43,C1,independent_marginal,43,u_vector_pct,5.0,True,2000,2000,max_iter,0.2613244110580887,150,4.049598799989326,6.090835700000753,6.415509099999326,3.0812106000084896,4.794019199965987
C1_independent_marginal_s43,C1,independent_marginal,43,u_vector_pct,2.0,True,2000,2000,max_iter,0.2613244110580887,400,14.402815699999337,16.470360999999684,16.823729800002184,11.718134500071756,13.440511400083778
C1_independent_marginal_s43,C1,independent_marginal,43,u_vector_pct,1.0,True,2000,2000,max_iter,0.2613244110580887,550,20.765556300000753,22.876957000000402,23.239156399999047,17.032091400033096,18.772677500004647
C1_independent_marginal_s43,C1,independent_marginal,43,s_vector_pct,5.0,True,2000,2000,max_iter,2.996974500851742,1100,43.45711350000056,45.56904139999824,45.930684099992504,35.910591600098996,37.69901900013792
C1_independent_marginal_s43,C1,independent_marginal,43,s_vector_pct,2.0,False,2000,2000,max_iter,2.996974500851742,,,,,,
C1_independent_marginal_s43,C1,independent_marginal,43,s_vector_pct,1.0,False,2000,2000,max_iter,2.996974500851742,,,,,,
C6_fourier_s43,C6,fourier,43,u_vector_pct,5.0,True,2000,2000,max_iter,0.3044114198991632,150,4.601578600006178,6.896891399999731,7.2975142000068445,3.3977067000523675,5.284767000091961
C6_fourier_s43,C6,fourier,43,u_vector_pct,2.0,True,2000,2000,max_iter,0.3044114198991632,350,13.57197200000519,15.802540700009558,16.196470700000646,10.792283600036171,12.660953800033894
C6_fourier_s43,C6,fourier,43,u_vector_pct,1.0,True,2000,2000,max_iter,0.3044114198991632,500,20.41897900000913,22.834413700009463,23.23466110001027,16.518514699972002,18.551941099911346
C6_fourier_s43,C6,fourier,43,s_vector_pct,5.0,True,2000,2000,max_iter,1.3545404202414135,450,18.181194100005087,20.41897900000913,20.800395600002958,14.645106699928874,16.518514699972002
C6_fourier_s43,C6,fourier,43,s_vector_pct,2.0,True,2000,2000,max_iter,1.3545404202414135,1200,54.42523410001013,56.653555900003994,57.04536590000498,44.75485809982638,46.60164859985525
C6_fourier_s43,C6,fourier,43,s_vector_pct,1.0,False,2000,2000,max_iter,1.3545404202414135,,,,,,
T1_vanilla_matched_s43,T1,vanilla_matched,43,u_vector_pct,5.0,True,10000,10000,max_iter,1.1922471641012187,2800,121.48487699999532,123.67370069999015,124.43441709999752,78.84651169985591,80.28925899985188
T1_vanilla_matched_s43,T1,vanilla_matched,43,u_vector_pct,2.0,True,10000,10000,max_iter,1.1922471641012187,5400,235.26483259999077,237.43888519999746,238.19976719999977,153.04326539959584,154.45087829958356
T1_vanilla_matched_s43,T1,vanilla_matched,43,u_vector_pct,1.0,False,10000,10000,max_iter,1.1922471641012187,,,,,,
T1_vanilla_matched_s43,T1,vanilla_matched,43,s_vector_pct,5.0,True,10000,10000,max_iter,2.8997969671467416,5150,224.26838719999068,226.43561999998929,227.19445179999457,145.8563678995415,147.2676330995455
T1_vanilla_matched_s43,T1,vanilla_matched,43,s_vector_pct,2.0,False,10000,10000,max_iter,2.8997969671467416,,,,,,
T1_vanilla_matched_s43,T1,vanilla_matched,43,s_vector_pct,1.0,False,10000,10000,max_iter,2.8997969671467416,,,,,,
C5_dem_s42,C5,dem,42,u_vector_pct,5.0,True,1000,1000,max_iter,1.153841939422431,200,6.961020999995526,9.071564500001841,9.769130100001348,4.046132899922668,5.507754399935948
C5_dem_s42,C5,dem,42,u_vector_pct,2.0,True,1000,1000,max_iter,1.153841939422431,300,11.273340700005065,13.538403600003221,14.239904600006412,7.010160499950871,8.5188301999151
C5_dem_s42,C5,dem,42,u_vector_pct,1.0,True,1000,1000,max_iter,1.153841939422431,600,24.922432000006665,27.263940600008937,27.977678399998695,16.227875799726462,17.88135179973324
C5_dem_s42,C5,dem,42,s_vector_pct,5.0,False,1000,1000,max_iter,6.126863392419687,,,,,,
C5_dem_s42,C5,dem,42,s_vector_pct,2.0,False,1000,1000,max_iter,6.126863392419687,,,,,,
C5_dem_s42,C5,dem,42,s_vector_pct,1.0,False,1000,1000,max_iter,6.126863392419687,,,,,,
C2_anchored_s43,C2,anchored,43,u_vector_pct,5.0,True,2000,2000,max_iter,0.22165951147722707,150,4.366117799989297,6.527297299995553,6.9314690999890445,3.2378212000767235,5.01434920009342
C2_anchored_s43,C2,anchored,43,u_vector_pct,2.0,True,2000,2000,max_iter,0.22165951147722707,300,11.084266299993033,13.38525339998887,13.739185999991605,8.808744400201249,10.757967800120241
C2_anchored_s43,C2,anchored,43,u_vector_pct,1.0,True,2000,2000,max_iter,0.22165951147722707,500,19.41044379999221,21.323179099999834,21.663910299990675,15.772022200151696,17.36253560007026
C2_anchored_s43,C2,anchored,43,s_vector_pct,5.0,True,2000,2000,max_iter,1.820621774681343,650,25.240250999995624,27.200563799997326,27.548026199991,20.603774000075646,22.242020100093214
C2_anchored_s43,C2,anchored,43,s_vector_pct,2.0,True,2000,2000,max_iter,1.820621774681343,1800,70.39210489999095,72.29875599998923,72.6051593000011,58.035800800003926,59.61903810000513
C2_anchored_s43,C2,anchored,43,s_vector_pct,1.0,False,2000,2000,max_iter,1.820621774681343,,,,,,
C4_fourier_s44,C4,fourier,44,u_vector_pct,5.0,True,2000,2000,max_iter,0.1697220473738919,100,1.953106699991622,4.021210099992459,4.391501599995536,1.352486200077692,3.1163556000974495
C4_fourier_s44,C4,fourier,44,u_vector_pct,2.0,True,2000,2000,max_iter,0.1697220473738919,250,8.180959599994821,10.218229899997823,10.528280200000154,6.564163100090809,8.274200700136134
C4_fourier_s44,C4,fourier,44,u_vector_pct,1.0,True,2000,2000,max_iter,0.1697220473738919,300,10.218229899997823,12.321255000002566,12.651117200002773,8.274200700136134,10.066596500153537
C4_fourier_s44,C4,fourier,44,s_vector_pct,5.0,True,2000,2000,max_iter,0.48186112392129904,300,10.218229899997823,12.321255000002566,12.651117200002773,8.274200700136134,10.066596500153537
C4_fourier_s44,C4,fourier,44,s_vector_pct,2.0,True,2000,2000,max_iter,0.48186112392129904,500,18.47954299999401,20.51685620000353,20.835265400004573,15.209415899953456,16.917701899947133
C4_fourier_s44,C4,fourier,44,s_vector_pct,1.0,True,2000,2000,max_iter,0.48186112392129904,850,32.873207800003,34.8678413000016,35.196825799997896,27.328960899903905,29.018662599890376
C8_vanilla_s44,C8,vanilla,44,u_vector_pct,5.0,True,2000,2000,max_iter,1.068380899695479,650,23.092406399999163,25.099984799991944,25.425340799993137,19.02334060012072,20.718740000156686
C8_vanilla_s44,C8,vanilla,44,u_vector_pct,2.0,True,2000,2000,max_iter,1.068380899695479,1150,42.549018399993656,44.387853199994424,44.69043909999891,35.391734000251745,36.931358300251304
C8_vanilla_s44,C8,vanilla,44,u_vector_pct,1.0,False,2000,2000,max_iter,1.068380899695479,,,,,,
C8_vanilla_s44,C8,vanilla,44,s_vector_pct,5.0,True,2000,2000,max_iter,4.795336302657945,1900,71.00012659998902,72.87824239999463,73.15020599999116,59.23166860046331,60.8127479004761
C8_vanilla_s44,C8,vanilla,44,s_vector_pct,2.0,False,2000,2000,max_iter,4.795336302657945,,,,,,
C8_vanilla_s44,C8,vanilla,44,s_vector_pct,1.0,False,2000,2000,max_iter,4.795336302657945,,,,,,
C3_anchored_s44,C3,anchored,44,u_vector_pct,5.0,True,2000,2000,max_iter,0.08829591355553087,150,3.9045224000001326,5.9228981000051135,6.237609400006477,2.9595388000889216,4.6377375001466135
C3_anchored_s44,C3,anchored,44,u_vector_pct,2.0,True,2000,2000,max_iter,0.08829591355553087,250,7.790980800011312,9.765739399997983,10.080585000003339,6.190614200168056,7.7982233001239365
C3_anchored_s44,C3,anchored,44,u_vector_pct,1.0,True,2000,2000,max_iter,0.08829591355553087,500,17.455400799997733,19.373208100005286,19.713009500002954,14.189374400055385,15.780661400029203
C3_anchored_s44,C3,anchored,44,s_vector_pct,5.0,True,2000,2000,max_iter,0.8383536528150993,450,15.46957860000839,17.455400799997733,17.781376500002807,12.522639700051514,14.189374400055385
C3_anchored_s44,C3,anchored,44,s_vector_pct,2.0,True,2000,2000,max_iter,0.8383536528150993,850,30.93413270000019,32.90325400000438,33.20525530001032,25.393134300073143,27.045861900027376
C3_anchored_s44,C3,anchored,44,s_vector_pct,1.0,True,2000,2000,max_iter,0.8383536528150993,1600,60.409797900007106,62.343007500006934,62.670710999998846,50.045545199507615,51.66449219948845
T1_anchored_s41,T1,anchored,41,u_vector_pct,5.0,True,10000,10000,max_iter,0.2568222665041757,550,23.345121199992718,25.60413529998914,26.43094169998949,14.15555590011354,15.587282600070466
T1_anchored_s41,T1,anchored,41,u_vector_pct,2.0,True,10000,10000,max_iter,0.2568222665041757,2000,90.17667919999803,92.44047180000052,93.27911049999238,57.068438000031165,58.50959769998735
T1_anchored_s41,T1,anchored,41,u_vector_pct,1.0,True,10000,10000,max_iter,0.2568222665041757,3400,154.31853879999835,156.59506749999127,157.41550559998723,98.18139679994783,99.64076669994392
T1_anchored_s41,T1,anchored,41,s_vector_pct,5.0,True,10000,10000,max_iter,1.3023830827122005,1000,44.186963199987076,46.542688399989856,47.37225749999925,27.569629799952963,29.09805979995872
T1_anchored_s41,T1,anchored,41,s_vector_pct,2.0,True,10000,10000,max_iter,1.3023830827122005,4450,203.7645504999964,205.9835827999923,206.7971591999958,130.32669719975092,131.72361469971656
T1_anchored_s41,T1,anchored,41,s_vector_pct,1.0,False,10000,10000,max_iter,1.3023830827122005,,,,,,
